tax_id	abundance	species	genus	family	order	class	phylum	clade	superkingdom	subspecies	species subgroup	species group	estimated counts
118323	0.3852939831886085	Oscillatoria acuminata	Oscillatoria	Oscillatoriaceae	Oscillatoriales		Cyanobacteria	Terrabacteria group	Bacteria				28154.58723354119
1173026	0.0417607824834238	Gloeocapsa sp. PCC 7428	Gloeocapsa	Chroococcaceae	Chroococcales		Cyanobacteria	Terrabacteria group	Bacteria				3051.585658411227
2546366	0.024130165102854033	Rippkaea orientalis	Rippkaea	Aphanothecaceae	Chroococcales		Cyanobacteria	Terrabacteria group	Bacteria				1763.2635545608528
693994	0.008232952920341227	Pseudoscillatoria coralii	Pseudoscillatoria		Oscillatoriales		Cyanobacteria	Terrabacteria group	Bacteria				601.6065687480944
1481160	0.00023424370542880616	Kastovskya adunca	Kastovskya	Coleofasciculaceae	Oscillatoriales		Cyanobacteria	Terrabacteria group	Bacteria				17.11689028679915
2662190	0.02516687508623223	Dulcicalothrix necridiiformans	Dulcicalothrix	Calotrichaceae	Nostocales		Cyanobacteria	Terrabacteria group	Bacteria				1839.0190631762478
1337936	0.002819106129252787	Calothrix sp. 336/3	Calothrix	Calotrichaceae	Nostocales		Cyanobacteria	Terrabacteria group	Bacteria				206.0005421828889
1261031	0.0002757389535071213	Nostoc sp. 'Peltigera membranacea cyanobiont' N6	Nostoc	Nostocaceae	Nostocales		Cyanobacteria	Terrabacteria group	Bacteria				20.149072549625874
1827279	0.0032071711202324737	Aliterella antarctica	Aliterella	Chroococcidiopsidaceae	Chroococcidiopsidales		Cyanobacteria	Terrabacteria group	Bacteria				234.35761526874754
99598	0.001644412610235303	Calothrix sp. PCC 7507	Calothrix	Calotrichaceae	Nostocales		Cyanobacteria	Terrabacteria group	Bacteria				120.1621626677243
32054	0.00827092476387819	Calothrix parietina	Calothrix	Calotrichaceae	Nostocales		Cyanobacteria	Terrabacteria group	Bacteria				604.381285270871
142864	0.0009389927044979656	Cylindrospermum stagnale	Cylindrospermum	Nostocaceae	Nostocales		Cyanobacteria	Terrabacteria group	Bacteria				68.61501389577984
1940762	0.00028089371854499526	Nostocales cyanobacterium HT-58-2			Nostocales		Cyanobacteria	Terrabacteria group	Bacteria				20.52574669523844
2005469	0.0033187672130353505	Calothrix sp. NIES-4071	Calothrix	Calotrichaceae	Nostocales		Cyanobacteria	Terrabacteria group	Bacteria				242.51227655813216
2005462	0.0011443472421233242	Calothrix sp. NIES-3974	Calothrix	Calotrichaceae	Nostocales		Cyanobacteria	Terrabacteria group	Bacteria				83.62088602367767
1752063	0.0002788523588076982	Fischerella sp. NIES-3754	Fischerella	Hapalosiphonaceae	Nostocales		Cyanobacteria	Terrabacteria group	Bacteria				20.37657841515493
1869241	0.0003228563149138517	Nostoc sp. CENA543	Nostoc	Nostocaceae	Nostocales		Cyanobacteria	Terrabacteria group	Bacteria				23.59207949969989
1173263	0.0004785623152481506	Synechococcus sp. PCC 7502	Synechococcus	Synechococcaceae	Synechococcales		Cyanobacteria	Terrabacteria group	Bacteria				34.969984062128106
92938	0.00020959410509616895	Fischerella muscicola	Fischerella	Hapalosiphonaceae	Nostocales		Cyanobacteria	Terrabacteria group	Bacteria				15.315670041692353
2017482	0.013422554997147328	Thalassococcus sp. S3	Thalassococcus	Rhodobacteraceae	Rhodobacterales	Alphaproteobacteria	Proteobacteria		Bacteria				980.8263613065467
1037362	0.0004900217819596029	Tropicibacter phthalicicus	Tropicibacter	Rhodobacteraceae	Rhodobacterales	Alphaproteobacteria	Proteobacteria		Bacteria				35.80736167313406
1396826	0.00020127645312306402	Leisingera aquaemixtae	Leisingera	Rhodobacteraceae	Rhodobacterales	Alphaproteobacteria	Proteobacteria		Bacteria				14.707874259061656
1317121	0.0020748971491811384	Pseudaestuariivita atlantica	Pseudaestuariivita	Rhodobacteraceae	Rhodobacterales	Alphaproteobacteria	Proteobacteria		Bacteria				151.61895938211333
1685378	0.0004915170320232093	Ruegeria profundi	Ruegeria	Rhodobacteraceae	Rhodobacterales	Alphaproteobacteria	Proteobacteria		Bacteria				35.916624081031976
1210524	0.0010418465672409221	Thalassococcus lentus	Thalassococcus	Rhodobacteraceae	Rhodobacterales	Alphaproteobacteria	Proteobacteria		Bacteria				76.1308542079959
2293862	0.0028941060340259717	Ruegeria sp. AD91A	Ruegeria	Rhodobacteraceae	Rhodobacterales	Alphaproteobacteria	Proteobacteria		Bacteria				211.48101022437984
981384	0.0013925505269263732	Ruegeria conchae	Ruegeria	Rhodobacteraceae	Rhodobacterales	Alphaproteobacteria	Proteobacteria		Bacteria				101.75784465409087
1280832	0.0013363345611403339	Ruegeria mediterranea	Ruegeria	Rhodobacteraceae	Rhodobacterales	Alphaproteobacteria	Proteobacteria		Bacteria				97.64997538620761
718217	0.0002245891373985109	cyanobacterium endosymbiont of Epithemia turgida					Cyanobacteria	Terrabacteria group	Bacteria				16.411402037121388
1155739	0.013304389502003928	Moorea producens	Moorea	Oscillatoriaceae	Oscillatoriales		Cyanobacteria	Terrabacteria group	Bacteria				972.1916540799331
1219	0.013999209272546557	Prochlorococcus marinus	Prochlorococcus	Prochloraceae	Synechococcales		Cyanobacteria	Terrabacteria group	Bacteria				1022.9642191727945
1763363	0.0010751299535405575	cyanobacterium endosymbiont of Rhopalodia gibberula					Cyanobacteria	Terrabacteria group	Bacteria				78.56297109506916
2546360	0.0008419732249047062	Crocosphaera subtropica	Crocosphaera	Aphanothecaceae	Chroococcales		Cyanobacteria	Terrabacteria group	Bacteria				61.525509463461596
1501268	0.0005426285020743596	Prochlorococcus sp. MIT 0604	Prochlorococcus	Prochloraceae	Synechococcales		Cyanobacteria	Terrabacteria group	Bacteria				39.65149253207968
2546356	0.0004054709208796243	Gloeothece citriformis	Gloeothece	Aphanothecaceae	Chroococcales		Cyanobacteria	Terrabacteria group	Bacteria				29.628976601436786
59930	0.0009570562104396235	Cyanobium gracile	Cyanobium	Synechococcaceae	Synechococcales		Cyanobacteria	Terrabacteria group	Bacteria				69.9349684654546
1280380	0.00028773685504070043	Synechococcus sp. KORDI-100	Synechococcus	Synechococcaceae	Synechococcales		Cyanobacteria	Terrabacteria group	Bacteria				21.025795208389102
292566	0.0009873479766880997	Dactylococcopsis salina	Dactylococcopsis	Synechococcaceae	Synechococcales		Cyanobacteria	Terrabacteria group	Bacteria				72.14847870052951
184064	0.0002875081204599315	Thermodesulfobium narugense	Thermodesulfobium	Thermodesulfobiaceae	Thermoanaerobacterales	Clostridia	Firmicutes	Terrabacteria group	Bacteria				21.009080886368572
430798	0.0023975528426159512	Rubritalea tangerina	Rubritalea	Rubritaleaceae	Verrucomicrobiales	Verrucomicrobiae	Verrucomicrobia	PVC group	Bacteria				175.1963788684754
304417	0.0019854360921814983	Desulfuromusa ferrireducens	Desulfuromusa	Desulfuromonadaceae	Desulfuromonadales	Deltaproteobacteria	Proteobacteria		Bacteria				145.08177156397863
57040	0.0063586321805438805	Malonomonas rubra	Malonomonas	Desulfuromonadaceae	Desulfuromonadales	Deltaproteobacteria	Proteobacteria		Bacteria				464.644329328883
345632	0.0007211181029446479	Geobacter pickeringii	Geobacter	Geobacteraceae	Desulfuromonadales	Deltaproteobacteria	Proteobacteria		Bacteria				52.694263136474255
351604	0.0004882119746677073	Geobacter uraniireducens	Geobacter	Geobacteraceae	Desulfuromonadales	Deltaproteobacteria	Proteobacteria		Bacteria				35.67511362489338
1823759	0.00154340751653683	Desulfuromonas sp. DDH964	Desulfuromonas	Desulfuromonadaceae	Desulfuromonadales	Deltaproteobacteria	Proteobacteria		Bacteria				112.78141745589578
443144	0.0005842459984024131	Geobacter sp. M21	Geobacter	Geobacteraceae	Desulfuromonadales	Deltaproteobacteria	Proteobacteria		Bacteria				42.69260784125953
225194	0.0007500177389701823	Geobacter bemidjiensis	Geobacter	Geobacteraceae	Desulfuromonadales	Deltaproteobacteria	Proteobacteria		Bacteria				54.80604623976813
29543	0.00019563266986646522	Pelobacter propionicus	Pelobacter	Desulfuromonadaceae	Desulfuromonadales	Deltaproteobacteria	Proteobacteria		Bacteria				14.295466085152214
2109558	0.0037534782409148816	Halobacteriovorax sp. BALOs_7	Halobacteriovorax	Halobacteriovoraceae	Bacteriovoracales	Oligoflexia	Proteobacteria		Bacteria				274.27791549837315
64178	0.0009525140714482869	Coleofasciculus chthonoplastes	Coleofasciculus	Coleofasciculaceae	Oscillatoriales		Cyanobacteria	Terrabacteria group	Bacteria				69.60306074294067
82654	0.020529613773425555	Pseudanabaena sp. PCC 7367	Pseudanabaena	Pseudanabaenaceae	Synechococcales		Cyanobacteria	Terrabacteria group	Bacteria				1500.1604672655255
54299	0.003110502775132447	Chroococcidiopsis thermalis	Chroococcidiopsis	Chroococcidiopsidaceae	Chroococcidiopsidales		Cyanobacteria	Terrabacteria group	Bacteria				227.29376928725333
2023235	0.001710811720861073	Ancylothrix terrestris	Ancylothrix		Oscillatoriales		Cyanobacteria	Terrabacteria group	Bacteria				125.01414487848119
577489	0.007262142942652601	Euhalothece natronophila	Euhalothece	Aphanothecaceae	Chroococcales		Cyanobacteria	Terrabacteria group	Bacteria				530.6665712484535
1126	0.0035865282264665975	Microcystis aeruginosa	Microcystis	Microcystaceae	Chroococcales		Cyanobacteria	Terrabacteria group	Bacteria				262.07837709259366
1967666	0.002180997966719924	Microcystis sp. MC19	Microcystis	Microcystaceae	Chroococcales		Cyanobacteria	Terrabacteria group	Bacteria				159.372064422125
526944	0.00042715021908672527	Tetragenococcus osmophilus	Tetragenococcus	Enterococcaceae	Lactobacillales	Bacilli	Firmicutes	Terrabacteria group	Bacteria				31.213147959324274
349750	0.002161977536040052	Sneathiella chinensis	Sneathiella	Sneathiellaceae	Sneathiellales	Alphaproteobacteria	Proteobacteria		Bacteria				157.9821844910547
1867774	0.00015015764912417747	Aliidongia dinghuensis	Aliidongia	Rhodospirillaceae	Rhodospirillales	Alphaproteobacteria	Proteobacteria		Bacteria				10.97246989445102
294	0.009547789853163556	Pseudomonas fluorescens	Pseudomonas	Pseudomonadaceae	Pseudomonadales	Gammaproteobacteria	Proteobacteria		Bacteria			Pseudomonas fluorescens group	697.6856479402205
76761	0.0002079850751882408	Pseudomonas veronii	Pseudomonas	Pseudomonadaceae	Pseudomonadales	Gammaproteobacteria	Proteobacteria		Bacteria			Pseudomonas fluorescens group	15.19809339923032
1673428	0.005791318625266651	Cuniculiplasma divulgatum	Cuniculiplasma	Cuniculiplasmataceae	Thermoplasmatales	Thermoplasmata	Euryarchaeota	Diaforarchaea group	Archaea				423.18902590411
399579	0.01805551976008621	Thermogymnomonas acidicola	Thermogymnomonas		Thermoplasmatales	Thermoplasmata	Euryarchaeota	Diaforarchaea group	Archaea				1319.3709954287795
765699	0.00050925063428544	Acidimangrovimonas indica	Acidimangrovimonas	Rhodobacteraceae	Rhodobacterales	Alphaproteobacteria	Proteobacteria		Bacteria				37.21247159913995
1164	0.06263758571332954	Trichormus azollae	Trichormus	Nostocaceae	Nostocales		Cyanobacteria	Terrabacteria group	Bacteria				4577.11630083013
1165	0.010748391768237633	Anabaena cylindrica	Anabaena	Nostocaceae	Nostocales		Cyanobacteria	Terrabacteria group	Bacteria				785.4172316804286
2485784	0.0003858167642832963	Erysipelothrix piscisicarius	Erysipelothrix	Erysipelotrichaceae	Erysipelotrichales	Erysipelotrichia	Firmicutes	Terrabacteria group	Bacteria				28.19278841647331
35791	0.0014204931685565124	Rickettsia massiliae	Rickettsia	Rickettsiaceae	Rickettsiales	Alphaproteobacteria	Proteobacteria		Bacteria			spotted fever group	103.79969730593002
33989	0.0005500223735110785	Rickettsia amblyommatis	Rickettsia	Rickettsiaceae	Rickettsiales	Alphaproteobacteria	Proteobacteria		Bacteria			spotted fever group	40.19178489957503
35790	0.00036574051068331706	Rickettsia japonica	Rickettsia	Rickettsiaceae	Rickettsiales	Alphaproteobacteria	Proteobacteria		Bacteria			spotted fever group	26.72575633716203
234827	0.0007084764418649531	Candidatus Midichloria mitochondrii	Candidatus Midichloria	Candidatus Midichloriaceae	Rickettsiales	Alphaproteobacteria	Proteobacteria		Bacteria				51.77049903639772
1223	0.001569166721109422	Prochlorothrix hollandica	Prochlorothrix	Prochlorotrichaceae	Synechococcales		Cyanobacteria	Terrabacteria group	Bacteria				114.6637198116288
988946	0.008350282523502154	Loriellopsis cavernicola	Loriellopsis	Symphyonemataceae	Nostocales		Cyanobacteria	Terrabacteria group	Bacteria				610.1801948398729
1206	0.0023305367229236253	Trichodesmium erythraeum	Trichodesmium	Microcoleaceae	Oscillatoriales		Cyanobacteria	Terrabacteria group	Bacteria				170.29930995419807
1954171	0.0007460679590754886	Calothrix sp. NIES-2098	Calothrix	Calotrichaceae	Nostocales		Cyanobacteria	Terrabacteria group	Bacteria				54.51742397352318
2023234	0.00041338189689182984	Ancylothrix rivularis	Ancylothrix		Oscillatoriales		Cyanobacteria	Terrabacteria group	Bacteria				30.20705535157668
29542	0.0004132134739129693	Pelobacter acetylenicus	Pelobacter	Desulfuromonadaceae	Desulfuromonadales	Deltaproteobacteria	Proteobacteria		Bacteria				30.194748179242406
52	0.003116577329648032	Chondromyces crocatus	Chondromyces	Polyangiaceae	Myxococcales	Deltaproteobacteria	Proteobacteria		Bacteria				227.73765520937064
1960125	0.008143412241298536	Parendozoicomonas haliclonae	Parendozoicomonas	Endozoicomonadaceae	Oceanospirillales	Gammaproteobacteria	Proteobacteria		Bacteria				595.0635627084079
1914871	0.003043310986734993	Dolichospermum sp. UHCC 0315A	Dolichospermum	Aphanizomenonaceae	Nostocales		Cyanobacteria	Terrabacteria group	Bacteria				222.38386373368613
423541	0.00038375893339228734	Desulfotignum toluenicum	Desulfotignum	Desulfobacteraceae	Desulfobacterales	Deltaproteobacteria	Proteobacteria		Bacteria				28.042416539774614
1986146	0.0012903431712869983	Desulfobulbus oralis	Desulfobulbus	Desulfobulbaceae	Desulfobacterales	Deltaproteobacteria	Proteobacteria		Bacteria				94.28924655545482
181663	0.00039929417092245654	Desulfococcus oleovorans	Desulfococcus	Desulfobacteraceae	Desulfobacterales	Deltaproteobacteria	Proteobacteria		Bacteria				29.177622951816666
32046	0.0035886057101880676	Synechococcus elongatus	Synechococcus	Synechococcaceae	Synechococcales		Cyanobacteria	Terrabacteria group	Bacteria				262.23018506057264
1350461	0.0005121267657732695	Synechococcus sp. UTEX 2973	Synechococcus	Synechococcaceae	Synechococcales		Cyanobacteria	Terrabacteria group	Bacteria				37.42263915535012
102116	0.01206051179343354	Stanieria cyanosphaera	Stanieria	Dermocarpellaceae	Pleurocapsales		Cyanobacteria	Terrabacteria group	Bacteria				881.2977782815691
1807358	0.0017392437443541078	Stanieria sp. NIES-3757	Stanieria	Dermocarpellaceae	Pleurocapsales		Cyanobacteria	Terrabacteria group	Bacteria				127.09175813118772
2527982	0.004271502417610172	Planctomycetes bacterium Pan265					Planctomycetes	PVC group	Bacteria				312.1314961620281
54308	0.0012790849582102186	Pleurocapsa minor	Pleurocapsa	Hyellaceae	Pleurocapsales		Cyanobacteria	Terrabacteria group	Bacteria				93.4665751512953
713887	0.006098860539600454	Candidatus Atelocyanobacterium thalassa	Candidatus Atelocyanobacterium	Aphanothecaceae	Chroococcales		Cyanobacteria	Terrabacteria group	Bacteria				445.66203621022396
2546359	0.0002755660797291449	Gloeothece verrucosa	Gloeothece	Aphanothecaceae	Chroococcales		Cyanobacteria	Terrabacteria group	Bacteria				20.136440144047803
2268451	0.01128760954072841	Candidatus Pelagibacter sp. FZCC0015	Candidatus Pelagibacter	Pelagibacteraceae	Pelagibacterales	Alphaproteobacteria	Proteobacteria		Bacteria				824.8194919696472
859653	0.0005516955667256932	alpha proteobacterium HIMB5		Pelagibacteraceae	Pelagibacterales	Alphaproteobacteria	Proteobacteria		Bacteria				40.31405014734658
198252	0.0011818870550836089	Candidatus Pelagibacter ubique	Candidatus Pelagibacter	Pelagibacteraceae	Pelagibacterales	Alphaproteobacteria	Proteobacteria		Bacteria				86.36403277612455
60890	0.0024211960458876674	Phaeobacter gallaeciensis	Phaeobacter	Rhodobacteraceae	Rhodobacterales	Alphaproteobacteria	Proteobacteria		Bacteria				176.92405866114953
395961	0.0009667776817649219	Cyanothece sp. PCC 7425	Cyanothece	Cyanothecaceae	Oscillatoriales		Cyanobacteria	Terrabacteria group	Bacteria				70.64534553960814
195253	0.001151925929289188	Synechococcus sp. PCC 6312	Synechococcus	Synechococcaceae	Synechococcales		Cyanobacteria	Terrabacteria group	Bacteria				84.17468343094883
1173025	0.0018318189924178157	Geitlerinema sp. PCC 7407	Geitlerinema	Coleofasciculaceae	Oscillatoriales		Cyanobacteria	Terrabacteria group	Bacteria				133.85650923294705
321327	0.00018476368895322062	Synechococcus sp. JA-3-3Ab	Synechococcus	Synechococcaceae	Synechococcales		Cyanobacteria	Terrabacteria group	Bacteria				13.50123704287869
37482	0.00031564230689046425	Laceyella sacchari	Laceyella	Thermoactinomycetaceae	Bacillales	Bacilli	Firmicutes	Terrabacteria group	Bacteria				23.064930291406895
1647413	0.0014749789625712558	Anabaena sp. WA102	Anabaena	Nostocaceae	Nostocales		Cyanobacteria	Terrabacteria group	Bacteria				107.78113773196938
264691	0.00028376769220229346	Trichormus variabilis	Trichormus	Nostocaceae	Nostocales		Cyanobacteria	Terrabacteria group	Bacteria				20.73575657229819
685565	0.0012350796121344415	Pseudanabaena sp. ABRG5-3	Pseudanabaena	Pseudanabaenaceae	Synechococcales		Cyanobacteria	Terrabacteria group	Bacteria				90.25097249750004
988938	0.002499395394633457	Iphinoe spelaeobios	Iphinoe	Stigonemataceae	Nostocales		Cyanobacteria	Terrabacteria group	Bacteria				182.6383196720506
28072	0.0002771337895261641	Nostoc sp. PCC 7524	Nostoc	Nostocaceae	Nostocales		Cyanobacteria	Terrabacteria group	Bacteria				20.25099740204539
927083	0.001405811953488852	Sandaracinus amylolyticus	Sandaracinus	Sandaracinaceae	Myxococcales	Deltaproteobacteria	Proteobacteria		Bacteria				102.72689687729088
2056283	0.000935023307355518	Acidimangrovimonas sediminis	Acidimangrovimonas	Rhodobacteraceae	Rhodobacterales	Alphaproteobacteria	Proteobacteria		Bacteria				68.32495813838976
1282439	0.00033318698784055314	Paracoccus communis	Paracoccus	Rhodobacteraceae	Rhodobacterales	Alphaproteobacteria	Proteobacteria		Bacteria				24.34697276247274
434084	0.0034710458588113864	Marinobacterium marisflavi	Marinobacterium	Oceanospirillaceae	Oceanospirillales	Gammaproteobacteria	Proteobacteria		Bacteria				253.63973404092445
46234	0.0018466345409423443	Anabaena sp. 90	Anabaena	Nostocaceae	Nostocales		Cyanobacteria	Terrabacteria group	Bacteria				134.93912581027993
1173032	0.0003586724725572449	Chamaesiphon minutus	Chamaesiphon	Chamaesiphonaceae	Synechococcales		Cyanobacteria	Terrabacteria group	Bacteria				26.209273587175556
446679	0.0004045957698104921	Nostoc sphaeroides	Nostoc	Nostocaceae	Nostocales		Cyanobacteria	Terrabacteria group	Bacteria				29.56502668736209
313985	0.0005559006641422051	Geobacter lovleyi	Geobacter	Geobacteraceae	Desulfuromonadales	Deltaproteobacteria	Proteobacteria		Bacteria				40.62132923086335
287	0.0004451137237641662	Pseudomonas aeruginosa	Pseudomonas	Pseudomonadaceae	Pseudomonadales	Gammaproteobacteria	Proteobacteria		Bacteria			Pseudomonas aeruginosa group	32.52579513661892
472175	0.00037710627814811374	Nitratireductor basaltis	Nitratireductor	Phyllobacteriaceae	Rhizobiales	Alphaproteobacteria	Proteobacteria		Bacteria				27.556287063117114
1196095	0.003293190398765398	Gilliamella apicola	Gilliamella	Orbaceae	Orbales	Gammaproteobacteria	Proteobacteria		Bacteria				240.64330200898394
1418234	0.00019980473893141184	Sneathiella chungangensis	Sneathiella	Sneathiellaceae	Sneathiellales	Alphaproteobacteria	Proteobacteria		Bacteria				14.600331687935057
1685382	0.0007432545032003004	Ponticoccus marisrubri	Ponticoccus	Rhodobacteraceae	Rhodobacterales	Alphaproteobacteria	Proteobacteria		Bacteria				54.31183631235555
408	0.001543252404442372	Methylorubrum extorquens	Methylorubrum	Methylobacteriaceae	Rhizobiales	Alphaproteobacteria	Proteobacteria		Bacteria				112.77008294981744
229980	0.0003318810605287142	Aeropyrum camini	Aeropyrum	Desulfurococcaceae	Desulfurococcales	Thermoprotei	Crenarchaeota	TACK group	Archaea				24.251544736014733
1306274	0.00040604848406644703	Nostoc flagelliforme	Nostoc	Nostocaceae	Nostocales		Cyanobacteria	Terrabacteria group	Bacteria				29.671180876187485
317936	0.00023959334608623947	Nostoc sp. PCC 7107	Nostoc	Nostocaceae	Nostocales		Cyanobacteria	Terrabacteria group	Bacteria				17.507804578559778
1080068	0.00016475917376378607	Leptolyngbya sp. O-77	Leptolyngbya	Leptolyngbyaceae	Synechococcales		Cyanobacteria	Terrabacteria group	Bacteria				12.03944710444114
241425	0.0015281983936716705	Crinalium epipsammum	Crinalium	Gomontiellaceae	Oscillatoriales		Cyanobacteria	Terrabacteria group	Bacteria				111.67004122076997
1581557	0.0013090087359109322	Candidatus Methylopumilus planktonicus	Candidatus Methylopumilus	Methylophilaceae	Nitrosomonadales	Betaproteobacteria	Proteobacteria		Bacteria				95.65319535921955
454144	0.0032126327363614328	Persicirhabdus sediminis	Persicirhabdus	Verrucomicrobiaceae	Verrucomicrobiales	Verrucomicrobiae	Verrucomicrobia	PVC group	Bacteria				234.75671194413897
256847	0.0037203406178521236	Lentisphaera araneosa	Lentisphaera	Lentisphaeraceae	Lentisphaerales	Lentisphaeria	Lentisphaerae	PVC group	Bacteria				271.8564499683082
373994	0.00043746700422111383	Rivularia sp. PCC 7116	Rivularia	Rivulariaceae	Nostocales		Cyanobacteria	Terrabacteria group	Bacteria				31.967026399449452
1209493	0.0015302294289287848	Halomicronema hongdechloris	Halomicronema	Prochlorotrichaceae	Synechococcales		Cyanobacteria	Terrabacteria group	Bacteria				111.8184550601131
1827144	0.0004571401772462186	Synechococcus sp. NIES-970	Synechococcus	Synechococcaceae	Synechococcales		Cyanobacteria	Terrabacteria group	Bacteria				33.40460417191293
1617448	0.0003641971217524775	Geminocystis sp. NIES-3709	Geminocystis	Chroococcaceae	Chroococcales		Cyanobacteria	Terrabacteria group	Bacteria				26.612976277818788
2141	0.0002894227103515279	Spiroplasma ixodetis	Spiroplasma	Spiroplasmataceae	Entomoplasmatales	Mollicutes	Tenericutes	Terrabacteria group	Bacteria				21.148985713517195
1522	0.00030302479388108613	[Clostridium] innocuum	Erysipelatoclostridium	Erysipelotrichaceae	Erysipelotrichales	Erysipelotrichia	Firmicutes	Terrabacteria group	Bacteria				22.142930763272606
712991	0.0011421484282939302	Lachnospiraceae bacterium oral taxon 500		Lachnospiraceae	Clostridiales	Clostridia	Firmicutes	Terrabacteria group	Bacteria				83.46021210072236
656747	0.00023370913951925018	Constrictibacter antarcticus	Constrictibacter	Rhodospirillaceae	Rhodospirillales	Alphaproteobacteria	Proteobacteria		Bacteria				17.077827952090168
241555	0.00023754484419293755	Helcococcus sueciensis	Helcococcus	Peptoniphilaceae	Tissierellales	Tissierellia	Firmicutes	Terrabacteria group	Bacteria				17.358114399710526
102235	0.00022270106932702	Cyanobacterium stanieri	Cyanobacterium	Cyanobacteriaceae	Chroococcales		Cyanobacteria	Terrabacteria group	Bacteria				16.27343523893333
1615909	0.0003131595282989669	Geminocystis sp. NIES-3708	Geminocystis	Chroococcaceae	Chroococcales		Cyanobacteria	Terrabacteria group	Bacteria				22.883506211390408
102117	0.00035605589593284476	Oscillatoria sancta	Oscillatoria	Oscillatoriaceae	Oscillatoriales		Cyanobacteria	Terrabacteria group	Bacteria				26.018072483500767
321332	0.00048469427194271767	Synechococcus sp. JA-2-3B'a(2-13)	Synechococcus	Synechococcaceae	Synechococcales		Cyanobacteria	Terrabacteria group	Bacteria				35.41806453367021
511435	0.0002480226609693826	Candidatus Azobacteroides pseudotrichonymphae	Candidatus Azobacteroides		Bacteroidales	Bacteroidia	Bacteroidetes	FCB group	Bacteria				18.123759905015696
270636	0.00018323297428127122	Spirulina major	Spirulina	Spirulinaceae	Spirulinales		Cyanobacteria	Terrabacteria group	Bacteria				13.389383129655332
155978	0.0017525573195858544	Acaryochloris marina	Acaryochloris	Acaryochloridaceae	Synechococcales		Cyanobacteria	Terrabacteria group	Bacteria				128.06462101409713
1906738	0.004175049807321847	Hyphomonas sp. Mor2	Hyphomonas	Hyphomonadaceae	Rhodobacterales	Alphaproteobacteria	Proteobacteria		Bacteria				305.0834145704293
1739787	0.0013507194268158808	Pseudoruegeria marinistellae	Pseudoruegeria	Rhodobacteraceae	Rhodobacterales	Alphaproteobacteria	Proteobacteria		Bacteria				98.70112067571687
281120	0.002590459393171108	Candidatus Amoebophilus asiaticus	Candidatus Amoebophilus	Amoebophilaceae	Cytophagales	Cytophagia	Bacteroidetes	FCB group	Bacteria				189.29263923719236
28108	0.0026231974910480346	Alteromonas macleodii	Alteromonas	Alteromonadaceae	Alteromonadales	Gammaproteobacteria	Proteobacteria		Bacteria				191.68491026335303
2267264	0.00040608909986407816	Alteromonas sp. RKMC-009	Alteromonas	Alteromonadaceae	Alteromonadales	Gammaproteobacteria	Proteobacteria		Bacteria				29.674148794367785
314275	0.0004634993803434265	Alteromonas mediterranea	Alteromonas	Alteromonadaceae	Alteromonadales	Gammaproteobacteria	Proteobacteria		Bacteria				33.86929021983521
911197	0.0002616434355975201	Phaeocystidibacter luteus	Phaeocystidibacter	Schleiferiaceae	Flavobacteriales	Flavobacteriia	Bacteroidetes	FCB group	Bacteria				19.119070769417586
1577780	0.0029497017169741978	Phaeocystidibacter marisrubri	Phaeocystidibacter	Schleiferiaceae	Flavobacteriales	Flavobacteriia	Bacteroidetes	FCB group	Bacteria				215.54355356445555
930806	0.002906812875463844	Halioglobus pacificus	Halioglobus	Halieaceae	Cellvibrionales	Gammaproteobacteria	Proteobacteria		Bacteria				212.40953724876948
930805	0.00024063955520377497	Halioglobus japonicus	Halioglobus	Halieaceae	Cellvibrionales	Gammaproteobacteria	Proteobacteria		Bacteria				17.584254217405448
1490052	0.001389341164782543	Anoxybacillus sp. B2M1	Anoxybacillus	Bacillaceae	Bacillales	Bacilli	Firmicutes	Terrabacteria group	Bacteria				101.52332693415477
294699	0.0005971823051525797	Anoxybacillus amylolyticus	Anoxybacillus	Bacillaceae	Bacillales	Bacilli	Firmicutes	Terrabacteria group	Bacteria				43.637902584414455
1490057	0.001389341164782543	Anoxybacillus sp. B7M1	Anoxybacillus	Bacillaceae	Bacillales	Bacilli	Firmicutes	Terrabacteria group	Bacteria				101.52332693415477
41202	0.012911181734388065	Ewingella americana	Ewingella	Yersiniaceae	Enterobacterales	Gammaproteobacteria	Proteobacteria		Bacteria				943.458782876939
1579979	0.0006624813251212767	Wenzhouxiangella marina	Wenzhouxiangella	Wenzhouxiangellaceae	Chromatiales	Gammaproteobacteria	Proteobacteria		Bacteria				48.40949787058705
2670335	0.0004784561084302977	Wenzhouxiangella salilacus	Wenzhouxiangella	Wenzhouxiangellaceae	Chromatiales	Gammaproteobacteria	Proteobacteria		Bacteria				34.96222321132714
1978339	0.002852261140494422	Chromatiaceae bacterium 2141T.STBD.0c.01a		Chromatiaceae	Chromatiales	Gammaproteobacteria	Proteobacteria		Bacteria				208.4232783193489
1267423	0.0013294336810771316	Roseivirga pacifica	Roseivirga	Roseivirgaceae	Cytophagales	Cytophagia	Bacteroidetes	FCB group	Bacteria				97.14570737734924
1563681	0.00038750332663792974	Roseivirga misakiensis	Roseivirga	Roseivirgaceae	Cytophagales	Cytophagia	Bacteroidetes	FCB group	Bacteria				28.31603058741344
379064	0.00037159174221537504	Cyanobacterium aponinum	Cyanobacterium	Cyanobacteriaceae	Chroococcales		Cyanobacteria	Terrabacteria group	Bacteria				27.1533233789041
687	0.00018301649267275755	Vibrio gazogenes	Vibrio	Vibrionaceae	Vibrionales	Gammaproteobacteria	Proteobacteria		Bacteria				13.373564169076413
52443	0.0004460264930725906	Vibrio tapetis	Vibrio	Vibrionaceae	Vibrionales	Gammaproteobacteria	Proteobacteria		Bacteria				32.592493928293415
29498	0.0009848913087902233	Vibrio tubiashii	Vibrio	Vibrionaceae	Vibrionales	Gammaproteobacteria	Proteobacteria		Bacteria			Vibrio oreintalis group	71.968962607228
2652380	0.00039313578649947397	Alteromonas sp. I4	Alteromonas	Alteromonadaceae	Alteromonadales	Gammaproteobacteria	Proteobacteria		Bacteria				28.727611326876062
1147	0.00018361915229684773	Synechocystis sp. PCC 6714	Synechocystis	Merismopediaceae	Synechococcales		Cyanobacteria	Terrabacteria group	Bacteria				13.417602315787555
111781	0.00019082410991973862	Leptolyngbya sp. PCC 7376	Leptolyngbya	Leptolyngbyaceae	Synechococcales		Cyanobacteria	Terrabacteria group	Bacteria				13.944090184165061
118967	0.00023417268164701113	Anaerorhabdus furcosa	Anaerorhabdus	Bacteroidaceae	Bacteroidales	Bacteroidia	Bacteroidetes	FCB group	Bacteria				17.111700365992043
90729	0.0026560281550704933	[Desulfobacterium] catecholicum		Desulfobulbaceae	Desulfobacterales	Deltaproteobacteria	Proteobacteria		Bacteria				194.08394537546616
84980	0.0011373695723141573	Desulfotalea psychrophila	Desulfotalea	Desulfobulbaceae	Desulfobacterales	Deltaproteobacteria	Proteobacteria		Bacteria				83.11100675771242
1312852	0.0017499380175914029	Thermoanaerobaculum aquaticum	Thermoanaerobaculum	Thermoanaerobaculaceae	Thermoanaerobaculales	Thermoanaerobaculia	Acidobacteria		Bacteria				127.87322075945659
981385	0.00039414631717486054	Thermotomaculum hydrothermale	Thermotomaculum	Thermotomaculaceae	Thermotomaculales	Holophagae	Acidobacteria		Bacteria				28.801453834918586
1196083	0.0005373825336897511	Snodgrassella alvi	Snodgrassella	Neisseriaceae	Neisseriales	Betaproteobacteria	Proteobacteria		Bacteria				39.26815388431118
673862	0.000647614848292777	Candidatus Babela massiliensis	Candidatus Babela	Candidatus Babeliaceae	Candidatus Babeliales	Candidatus Babeliae		Bacteria candidate phyla	Bacteria				47.32315980929809
1341119	0.0010595048070093243	Luminiphilus syltensis	Luminiphilus	Halieaceae	Cellvibrionales	Gammaproteobacteria	Proteobacteria		Bacteria				77.42119476259236
2081703	0.0021633091740843827	Peptostreptococcaceae bacterium oral taxon 929		Peptostreptococcaceae	Clostridiales	Clostridia	Firmicutes	Terrabacteria group	Bacteria				158.0794912778681
1679460	0.001502856831976979	Marinibacterium profundimaris	Marinibacterium	Rhodobacteraceae	Rhodobacterales	Alphaproteobacteria	Proteobacteria		Bacteria				109.81825728305378
79599	0.00020837618013061496	Heliorestis daurensis	Heliorestis	Heliobacteriaceae	Clostridiales	Clostridia	Firmicutes	Terrabacteria group	Bacteria				15.226672610684426
44576	0.00027560780280421685	Nitrosomonas halophila	Nitrosomonas	Nitrosomonadaceae	Nitrosomonadales	Betaproteobacteria	Proteobacteria		Bacteria				20.13948897431254
2005460	0.0001899912040520292	Chondrocystis sp. NIES-4102	Chondrocystis	Chroococcaceae	Chroococcales		Cyanobacteria	Terrabacteria group	Bacteria				13.883227253693931
1099794	0.001281450657260176	Portibacter lacus	Portibacter	Haliscomenobacteraceae	Saprospirales	Saprospiria	Bacteroidetes	FCB group	Bacteria				93.63944387797284
1819566	0.003170625831976488	Fulvivirga lutimaris	Fulvivirga	Fulvivirgaceae	Cytophagales	Cytophagia	Bacteroidetes	FCB group	Bacteria				231.6871414200179
1914963	0.0019588457822288293	Roseivirga seohaensis	Roseivirga	Roseivirgaceae	Cytophagales	Cytophagia	Bacteroidetes	FCB group	Bacteria				143.13873784480725
33072	0.0001662427968775859	Gloeobacter violaceus	Gloeobacter	Gloeobacteraceae	Gloeobacterales	Gloeobacteria	Cyanobacteria	Terrabacteria group	Bacteria				12.147859896235834
162028	0.000667346487876473	Haliangium tepidum	Haliangium	Kofleriaceae	Myxococcales	Deltaproteobacteria	Proteobacteria		Bacteria				48.76500990859751
80816	0.0008982770366267473	Haliangium ochraceum	Haliangium	Kofleriaceae	Myxococcales	Deltaproteobacteria	Proteobacteria		Bacteria				65.6397978974263
35554	0.0006075186548489099	Geobacter sulfurreducens	Geobacter	Geobacteraceae	Desulfuromonadales	Deltaproteobacteria	Proteobacteria		Bacteria				44.3932106657744
1340425	0.001494696641915698	Geobacter anodireducens	Geobacter	Geobacteraceae	Desulfuromonadales	Deltaproteobacteria	Proteobacteria		Bacteria				109.2219677147058
90730	0.0009843098202050508	Desulfosarcina cetonica	Desulfosarcina	Desulfobacteraceae	Desulfobacterales	Deltaproteobacteria	Proteobacteria		Bacteria				71.92647149184369
332163	0.0011023231460302587	Candidatus Solibacter usitatus	Candidatus Solibacter	Solibacteraceae	Bryobacterales	Acidobacteriia	Acidobacteria		Bacteria				80.5500592498691
225195	0.00017999004650681805	Pelobacter massiliensis	Pelobacter	Desulfuromonadaceae	Desulfuromonadales	Deltaproteobacteria	Proteobacteria		Bacteria				13.152412668392715
1842532	0.0002590529668286214	Pelobacter sp. SFB93	Pelobacter	Desulfuromonadaceae	Desulfuromonadales	Deltaproteobacteria	Proteobacteria		Bacteria				18.929777445067852
29442	0.0001950695872418138	Pseudomonas tolaasii	Pseudomonas	Pseudomonadaceae	Pseudomonadales	Gammaproteobacteria	Proteobacteria		Bacteria			Pseudomonas fluorescens group	14.25431994852106
352858	0.0037107409557059863	Bacillus sp. Y1	Bacillus	Bacillaceae	Bacillales	Bacilli	Firmicutes	Terrabacteria group	Bacteria				271.1549738563035
1397	0.00032651756662983655	Bacillus circulans	Bacillus	Bacillaceae	Bacillales	Bacilli	Firmicutes	Terrabacteria group	Bacteria				23.859618146342047
156994	0.000255467189883677	Reichenbachiella agariperforans	Reichenbachiella	Reichenbachiellaceae	Cytophagales	Cytophagia	Bacteroidetes	FCB group	Bacteria				18.66775396636993
160233	0.00021878996842828062	Ignicoccus hospitalis	Ignicoccus	Desulfurococcaceae	Desulfurococcales	Thermoprotei	Crenarchaeota	TACK group	Archaea				15.98763936295975
54252	0.0003284662335426456	Pyrolobus fumarii	Pyrolobus	Pyrodictiaceae	Desulfurococcales	Thermoprotei	Crenarchaeota	TACK group	Archaea				24.00201308366174
2224	0.0001742897424308775	Methanothrix thermoacetophila	Methanothrix	Methanotrichaceae	Methanosarcinales	Methanomicrobia	Euryarchaeota	Stenosarchaea group	Archaea				12.73587434865151
361183	0.000231980695138062	Altererythrobacter epoxidivorans	Altererythrobacter	Erythrobacteraceae	Sphingomonadales	Alphaproteobacteria	Proteobacteria		Bacteria				16.951525335823604
266952	0.0007826149389429866	Erythrobacter gaetbuli	Erythrobacter	Erythrobacteraceae	Sphingomonadales	Alphaproteobacteria	Proteobacteria		Bacteria				57.188021433380854
2011159	0.0005082969220286823	Erythrobacter sp. KY5	Erythrobacter	Erythrobacteraceae	Sphingomonadales	Alphaproteobacteria	Proteobacteria		Bacteria				37.142780983401906
2023229	0.0010323342338397691	Porphyrobacter sp. HT-58-2	Porphyrobacter	Erythrobacteraceae	Sphingomonadales	Alphaproteobacteria	Proteobacteria		Bacteria				75.43575946937345
35839	0.00044637439366087883	Holophaga foetida	Holophaga	Holophagaceae	Holophagales	Holophagae	Acidobacteria		Bacteria				32.6179160679814
1548547	0.0021741039578693773	Woeseia oceani	Woeseia	Woeseiaceae	Chromatiales	Gammaproteobacteria	Proteobacteria		Bacteria				158.868298513389
1033854	0.00043373477303306857	Thioalkalivibrio sulfidiphilus	Thioalkalivibrio	Ectothiorhodospiraceae	Chromatiales	Gammaproteobacteria	Proteobacteria		Bacteria				31.69430106984542
97084	0.0004948300885686051	Halobacteriovorax marinus	Halobacteriovorax	Halobacteriovoraceae	Bacteriovoracales	Oligoflexia	Proteobacteria		Bacteria				36.15871906197368
28202	0.0003516273421041549	Peredibacter starrii	Peredibacter	Bacteriovoracaceae	Bacteriovoracales	Oligoflexia	Proteobacteria		Bacteria				25.69446476957691
394805	0.0008302550593169231	Thioprofundum hispidum	Thioprofundum	Thioprofundaceae	Chromatiales	Gammaproteobacteria	Proteobacteria		Bacteria				60.66922794946552
207954	0.0019338373350945102	Neptuniibacter caesariensis	Neptuniibacter	Oceanospirillaceae	Oceanospirillales	Gammaproteobacteria	Proteobacteria		Bacteria				141.31129558736114
1031538	0.0007033730678079677	Neptunomonas concharum	Neptunomonas	Oceanospirillaceae	Oceanospirillales	Gammaproteobacteria	Proteobacteria		Bacteria				51.39758018393162
380021	0.0015676663524194412	Pseudomonas protegens	Pseudomonas	Pseudomonadaceae	Pseudomonadales	Gammaproteobacteria	Proteobacteria		Bacteria			Pseudomonas fluorescens group	114.55408337034582
1045558	0.0003009878171506007	Neptunomonas qingdaonensis	Neptunomonas	Oceanospirillaceae	Oceanospirillales	Gammaproteobacteria	Proteobacteria		Bacteria				21.994082762645846
1073414	0.0013932034444180123	Porticoccus hydrocarbonoclasticus	Porticoccus	Porticoccaceae	Cellvibrionales	Gammaproteobacteria	Proteobacteria		Bacteria				101.80555529395741
434086	0.00033242704892858633	Porticoccus litoralis	Porticoccus	Porticoccaceae	Cellvibrionales	Gammaproteobacteria	Proteobacteria		Bacteria				24.29144174635859
160791	0.0017981053734249565	Sphingomonas wittichii	Sphingomonas	Sphingomonadaceae	Sphingomonadales	Alphaproteobacteria	Proteobacteria		Bacteria				131.39295395228186
1850238	0.001451158983191613	Rhizorhabdus dicambivorans	Rhizorhabdus	Sphingomonadaceae	Sphingomonadales	Alphaproteobacteria	Proteobacteria		Bacteria				106.04054037876072
64970	0.00024270846328223376	Marinobacterium jannaschii	Marinobacterium	Oceanospirillaceae	Oceanospirillales	Gammaproteobacteria	Proteobacteria		Bacteria				17.735435537422667
2036029	0.0005094762008336985	Pontibacterium granulatum	Pontibacterium	Oceanospirillaceae	Oceanospirillales	Gammaproteobacteria	Proteobacteria		Bacteria				37.228954423520854
195064	0.0009856042064850556	Ectothiorhodospira mobilis	Ectothiorhodospira	Ectothiorhodospiraceae	Chromatiales	Gammaproteobacteria	Proteobacteria		Bacteria				72.02105618048246
1712261	0.00023426065750391828	Pyruvatibacter mobilis	Pyruvatibacter	Rhodobiaceae	Rhizobiales	Alphaproteobacteria	Proteobacteria		Bacteria				17.11812902578382
538382	0.0012897653995639802	Altererythrobacter marinus	Altererythrobacter	Erythrobacteraceae	Sphingomonadales	Alphaproteobacteria	Proteobacteria		Bacteria				94.24702704233873
39960	0.0005380410387793889	Erythrobacter litoralis	Erythrobacter	Erythrobacteraceae	Sphingomonadales	Alphaproteobacteria	Proteobacteria		Bacteria				39.31627282672629
437900	0.00022775529846926734	Pseudomonas marincola	Pseudomonas	Pseudomonadaceae	Pseudomonadales	Gammaproteobacteria	Proteobacteria		Bacteria				16.642762925044774
571177	0.0006553958595151315	Desulfosarcina alkanivorans	Desulfosarcina	Desulfobacteraceae	Desulfobacterales	Deltaproteobacteria	Proteobacteria		Bacteria				47.8917416423492
121039	0.0014063729373137033	Ferrimicrobium acidiphilum	Ferrimicrobium	Acidimicrobiaceae	Acidimicrobiales	Acidimicrobiia	Actinobacteria	Terrabacteria group	Bacteria				102.76788964832424
667306	0.00023802796477767943	Aciditerrimonas ferrireducens	Aciditerrimonas	Acidimicrobiaceae	Acidimicrobiales	Acidimicrobiia	Actinobacteria	Terrabacteria group	Bacteria				17.39341747019937
1006	0.0008003981688145805	Marivirga tractuosa	Marivirga	Marivirgaceae	Cytophagales	Cytophagia	Bacteroidetes	FCB group	Bacteria				58.48749538978784
190893	0.001361062639170649	Vibrio coralliilyticus	Vibrio	Vibrionaceae	Vibrionales	Gammaproteobacteria	Proteobacteria		Bacteria				99.45693023211683
349221	0.00034447598325828193	Micavibrio aeruginosavorus	Micavibrio			Alphaproteobacteria	Proteobacteria		Bacteria				25.171893524632434
2528010	0.0003582550224578651	Planctomycetes bacterium Pla85_3_4					Planctomycetes	PVC group	Bacteria				26.178769256063575
2527972	0.003413832632974899	Planctomycetes bacterium Pan181					Planctomycetes	PVC group	Bacteria				249.4589919893748
2527962	0.0004029612601548696	Planctomycetes bacterium K2D					Planctomycetes	PVC group	Bacteria				29.445588163296787
1304270	0.0019979607021798442	Salinisphaera japonica	Salinisphaera	Salinisphaeraceae	Salinisphaerales	Gammaproteobacteria	Proteobacteria		Bacteria				145.99698239038776
1737490	0.002203694359970508	Agarilytica rhodophyticola	Agarilytica	Cellvibrionaceae	Cellvibrionales	Gammaproteobacteria	Proteobacteria		Bacteria				161.03055796612492
28151	0.0017644981792666176	Serratia proteamaculans	Serratia	Yersiniaceae	Enterobacterales	Gammaproteobacteria	Proteobacteria		Bacteria				128.93717545354954
614	0.0003988109957861733	Serratia liquefaciens	Serratia	Yersiniaceae	Enterobacterales	Gammaproteobacteria	Proteobacteria		Bacteria				29.14231589508304
468528	0.0002899708479322279	Desulfopila inferna	Desulfopila	Desulfobulbaceae	Desulfobacterales	Deltaproteobacteria	Proteobacteria		Bacteria				21.18903977095169
1526572	0.0002619168494574421	Aquisalinus flavus	Aquisalinus	Parvularculaceae	Parvularculales	Alphaproteobacteria	Proteobacteria		Bacteria				19.139049940403666
1566827	0.0003844423233378014	Parvularcula flava	Parvularcula	Parvularculaceae	Parvularculales	Alphaproteobacteria	Proteobacteria		Bacteria				28.092353893263162
458711	0.0009369746741247386	Halodesulfovibrio marinisediminis	Halodesulfovibrio	Desulfovibrionaceae	Desulfovibrionales	Deltaproteobacteria	Proteobacteria		Bacteria				68.46755036231703
395922	0.003127841923662531	Coraliomargarita akajimensis	Coraliomargarita	Puniceicoccaceae	Puniceicoccales	Opitutae	Verrucomicrobia	PVC group	Bacteria				228.56079288779213
767892	0.0016948218370215142	Candidatus Puniceispirillum marinum	Candidatus Puniceispirillum			Alphaproteobacteria	Proteobacteria	SAR116 cluster	Bacteria				123.8457160966731
1756149	0.0008680853485091404	Elizabethkingia bruuniana	Elizabethkingia	Weeksellaceae	Flavobacteriales	Flavobacteriia	Bacteroidetes	FCB group	Bacteria				63.43360067160842
454148	0.0007695084242442274	Roseibacillus persicicus	Roseibacillus	Verrucomicrobiaceae	Verrucomicrobiales	Verrucomicrobiae	Verrucomicrobia	PVC group	Bacteria				56.23028908479843
1670831	0.001014892214203788	Egibacter rhizosphaerae	Egibacter	Egibacteraceae	Egibacterales	Nitriliruptoria	Actinobacteria	Terrabacteria group	Bacteria				74.16121876851341
1028749	0.00016805806237731244	Microbulbifer gwangyangensis	Microbulbifer	Microbulbiferaceae	Cellvibrionales	Gammaproteobacteria	Proteobacteria		Bacteria				12.280506792097352
498846	0.0008941079630379968	Candidatus Korarchaeum cryptofilum	Candidatus Korarchaeum				Candidatus Korarchaeota	TACK group	Archaea				65.33515118307554
1662421	0.0004544491027928814	Kordiimonas lipolytica	Kordiimonas	Kordiimonadaceae	Kordiimonadales	Alphaproteobacteria	Proteobacteria		Bacteria				33.207959288384224
1514904	0.00020202184732435132	Ahrensia marina	Ahrensia	Rhodobacteraceae	Rhodobacterales	Alphaproteobacteria	Proteobacteria		Bacteria				14.762342449532325
1241981	0.0014467991291647146	Chryseobacterium lactis	Chryseobacterium	Weeksellaceae	Flavobacteriales	Flavobacteriia	Bacteroidetes	FCB group	Bacteria				105.7219527654532
1295392	0.0004998151428241119	Photobacterium gaetbulicola	Photobacterium	Vibrionaceae	Vibrionales	Gammaproteobacteria	Proteobacteria		Bacteria				36.52299193158633
265606	0.0006821433612844124	Rhodopirellula baltica	Rhodopirellula	Pirellulaceae	Pirellulales	Planctomycetia	Planctomycetes	PVC group	Bacteria				49.84626183913587
2527999	0.00043395882407319366	Rubripirellula amarantea	Rubripirellula	Pirellulaceae	Pirellulales	Planctomycetia	Planctomycetes	PVC group	Bacteria				31.71067315150048
28232	0.001540319916169135	Geobacter metallireducens	Geobacter	Geobacteraceae	Desulfuromonadales	Deltaproteobacteria	Proteobacteria		Bacteria				112.5557972342272
28026	0.0005511615730151294	Bifidobacterium pseudocatenulatum	Bifidobacterium	Bifidobacteriaceae	Bifidobacteriales	Actinobacteria	Actinobacteria	Terrabacteria group	Bacteria				40.27502962493455
2014742	0.00022599571997086767	Vibrio sp. 2521-89	Vibrio	Vibrionaceae	Vibrionales	Gammaproteobacteria	Proteobacteria		Bacteria				16.514185245431214
244566	0.0004298715816459564	Pseudomonas lurida	Pseudomonas	Pseudomonadaceae	Pseudomonadales	Gammaproteobacteria	Proteobacteria		Bacteria				31.412006085614973
646532	0.001830892414827015	Litoricola marina	Litoricola	Litoricolaceae	Oceanospirillales	Gammaproteobacteria	Proteobacteria		Bacteria				133.78880142865447
62322	0.002755833327985154	Shewanella baltica	Shewanella	Shewanellaceae	Alteromonadales	Gammaproteobacteria	Proteobacteria		Bacteria				201.37700877585914
28173	0.00029801903124940536	Vibrio nigripulchritudo	Vibrio	Vibrionaceae	Vibrionales	Gammaproteobacteria	Proteobacteria		Bacteria				21.777144670487797
252514	0.0004567011617468045	Microbulbifer thermotolerans	Microbulbifer	Microbulbiferaceae	Cellvibrionales	Gammaproteobacteria	Proteobacteria		Bacteria				33.37252399232425
2528026	0.00019653561129853882	Planctomycetes bacterium Mal4					Planctomycetes	PVC group	Bacteria				14.361446724418128
1632864	0.00023061460778818645	Planctomyces sp. SH-PL14	Planctomyces	Planctomycetaceae	Planctomycetales	Planctomycetia	Planctomycetes	PVC group	Bacteria				16.851701234906148
1926625	0.0007704905395192555	Vicingus serpentipes	Vicingus	Vicingaceae	Flavobacteriales	Flavobacteriia	Bacteroidetes	FCB group	Bacteria				56.30205519429056
1608957	0.0003993515325469866	Euzebya sp. DY32-46	Euzebya	Euzebyaceae	Euzebyales	Nitriliruptoria	Actinobacteria	Terrabacteria group	Bacteria				29.181814537805952
646534	0.00045470829773748176	Grimontia marina	Grimontia	Vibrionaceae	Vibrionales	Gammaproteobacteria	Proteobacteria		Bacteria				33.226899440571
644220	0.0014743572078154711	Marinicella litoralis	Marinicella	Alcanivoracaceae	Oceanospirillales	Gammaproteobacteria	Proteobacteria		Bacteria				107.73570424669992
317015	0.0008272346924196515	Thermaerobacter litoralis	Thermaerobacter	Clostridiales Family XVII. Incertae Sedis	Clostridiales	Clostridia	Firmicutes	Terrabacteria group	Bacteria				60.44852067918119
1432792	0.0002464056399164555	Methylocaldum marinum	Methylocaldum	Methylococcaceae	Methylococcales	Gammaproteobacteria	Proteobacteria		Bacteria				18.00559932561515
1827469	0.0005649406123412876	Brevundimonas sp. GW460-12-10-14-LB2	Brevundimonas	Caulobacteraceae	Caulobacterales	Alphaproteobacteria	Proteobacteria		Bacteria				41.28190536561491
225196	0.0002533966261574526	Geopsychrobacter electrodiphilus	Geopsychrobacter	Geobacteraceae	Desulfuromonadales	Deltaproteobacteria	Proteobacteria		Bacteria				18.516451663203533
301585	0.00022040174468746675	Spiroplasma platyhelix	Spiroplasma	Spiroplasmataceae	Entomoplasmatales	Mollicutes	Tenericutes	Terrabacteria group	Bacteria				16.10541668954726
1133106	0.0003029399047431779	Plasticicumulans lactativorans	Plasticicumulans	Candidatus Competibacteraceae		Gammaproteobacteria	Proteobacteria		Bacteria				22.136727659298238
886464	0.00023604309137979754	Plasticicumulans acidivorans	Plasticicumulans	Candidatus Competibacteraceae		Gammaproteobacteria	Proteobacteria		Bacteria				17.248376816395947
1936003	0.0010298046657083633	Anaerohalosphaera lusitana	Anaerohalosphaera	Anaerohalosphaeraceae	Sedimentisphaerales	Phycisphaerae	Planctomycetes	PVC group	Bacteria				75.25091633730723
648	0.0002298233265480431	Aeromonas caviae	Aeromonas	Aeromonadaceae	Aeromonadales	Gammaproteobacteria	Proteobacteria		Bacteria				16.79387994084515
1851148	0.0003756573454802162	Limihaloglobus sulfuriphilus	Limihaloglobus	Sedimentisphaeraceae	Sedimentisphaerales	Phycisphaerae	Planctomycetes	PVC group	Bacteria				27.45040920627584
111831	0.0010885427208113159	Defluviicoccus vanus	Defluviicoccus	Rhodospirillaceae	Rhodospirillales	Alphaproteobacteria	Proteobacteria		Bacteria				79.54308223784528
2488809	0.0005236034943645078	Verrucomicrobia bacterium S94					Verrucomicrobia	PVC group	Bacteria				38.26127814369767
1088	0.00019016657799365911	Rhodovibrio sodomensis	Rhodovibrio	Rhodospirillaceae	Rhodospirillales	Alphaproteobacteria	Proteobacteria		Bacteria				13.896042353730653
1206085	0.00016845731382937525	Jatrophihabitans endophyticus	Jatrophihabitans	Frankiaceae	Frankiales	Actinobacteria	Actinobacteria	Terrabacteria group	Bacteria				12.309681293453938
404011	0.0006336516884056202	Shewanella piezotolerans	Shewanella	Shewanellaceae	Alteromonadales	Gammaproteobacteria	Proteobacteria		Bacteria				46.302829826863885
866807	0.00033759153595754824	Aureibacter tunicatorum	Aureibacter	Persicobacteraceae	Cytophagales	Cytophagia	Bacteroidetes	FCB group	Bacteria				24.668826307025924
253245	0.0003172187064167082	Owenweeksia hongkongensis	Owenweeksia	Schleiferiaceae	Flavobacteriales	Flavobacteriia	Bacteroidetes	FCB group	Bacteria				23.18012253398812
unassigned	0.0												2962.0
