"colony","Region","Locality","replicate","Site","Season","ID","Qubit..ng.uL.","species"
"155","Eastern Pacific Panama","Las Perlas","Branch replicate 3/3","Contadora","Non-upwelling","ML6182","25.9","P.meandrina"
"155","Eastern Pacific Panama","Las Perlas","Branch replicate 2/3","Contadora","Upwelling","ML5851","35.9","P.meandrina"
"155","Eastern Pacific Panama","Las Perlas","Branch replicate 1/3","Contadora","Wet","ML6000","220","P.meandrina"
"155","Eastern Pacific Panama","Las Perlas","Branch replicate 1/3","Contadora","Upwelling","ML5850","18.9","P.meandrina"
"155","Eastern Pacific Panama","Las Perlas","Branch replicate 2/3","Contadora","Non-upwelling","ML6181","245","P.meandrina"
"155","Eastern Pacific Panama","Las Perlas","Branch replicate 1/3","Contadora","Non-upwelling","ML6180","92.1","P.meandrina"
"155","Eastern Pacific Panama","Las Perlas","Branch replicate 2/3","Contadora","Wet","ML6001","25.3","P.meandrina"
"155","Eastern Pacific Panama","Las Perlas","Branch replicate 3/3","Contadora","Wet","ML6002","5.06","P.meandrina"
"155","Eastern Pacific Panama","Las Perlas","Branch replicate 3/3","Contadora","Upwelling","ML5852","34.7","P.meandrina"
"156","Eastern Pacific Panama","Las Perlas","Branch replicate 2/3","Contadora","Non-upwelling","ML6184","33.2","P.meandrina"
"156","Eastern Pacific Panama","Las Perlas","Branch replicate 1/3","Contadora","Non-upwelling","ML6183","53.6","P.meandrina"
"156","Eastern Pacific Panama","Las Perlas","Branch replicate 3/3","Contadora","Wet","ML6005","5.36","P.meandrina"
"156","Eastern Pacific Panama","Las Perlas","Branch replicate 3/3","Contadora","Non-upwelling","ML6185","65.7","P.meandrina"
"156","Eastern Pacific Panama","Las Perlas","Branch replicate 1/3","Contadora","Wet","ML6003","91.4","P.meandrina"
"156","Eastern Pacific Panama","Las Perlas","Branch replicate 2/3","Contadora","Wet","ML6004","45.8","P.meandrina"
"156","Eastern Pacific Panama","Las Perlas","Branch replicate 1/3","Contadora","Upwelling","ML5853","6.48","P.meandrina"
"156","Eastern Pacific Panama","Las Perlas","Branch replicate 2/3","Contadora","Upwelling","ML5854",">60","P.meandrina"
"156","Eastern Pacific Panama","Las Perlas","Branch replicate 3/3","Contadora","Upwelling","ML5855","29.2","P.meandrina"
"157","Eastern Pacific Panama","Las Perlas","Branch replicate 1/3","Contadora","Wet","ML6006","1.35","P.meandrina"
"157","Eastern Pacific Panama","Las Perlas","Branch replicate 3/3","Contadora","Non-upwelling","ML6188","22.6","P.meandrina"
"157","Eastern Pacific Panama","Las Perlas","Branch replicate 2/3","Contadora","Upwelling","ML5857",">60","P.meandrina"
"157","Eastern Pacific Panama","Las Perlas","Branch replicate 2/3","Contadora","Non-upwelling","ML6187","33.3","P.meandrina"
"157","Eastern Pacific Panama","Las Perlas","Branch replicate 3/3","Contadora","Upwelling","ML5858","34.2","P.meandrina"
"157","Eastern Pacific Panama","Las Perlas","Branch replicate 1/3","Contadora","Non-upwelling","ML6186","13.8","P.meandrina"
"157","Eastern Pacific Panama","Las Perlas","Branch replicate 3/3","Contadora","Wet","ML6008","45.8","P.meandrina"
"157","Eastern Pacific Panama","Las Perlas","Branch replicate 1/3","Contadora","Upwelling","ML5856","45.6","P.meandrina"
"157","Eastern Pacific Panama","Las Perlas","Branch replicate 2/3","Contadora","Wet","ML6007","11.3","P.meandrina"
"158","Eastern Pacific Panama","Las Perlas","Branch replicate 2/3","Contadora","Non-upwelling","ML6190","38.3","P.meandrina"
"158","Eastern Pacific Panama","Las Perlas","Branch replicate 1/3","Contadora","Non-upwelling","ML6189","113","P.meandrina"
"158","Eastern Pacific Panama","Las Perlas","Branch replicate 2/3","Contadora","Upwelling","ML5860","7.67","P.meandrina"
"158","Eastern Pacific Panama","Las Perlas","Branch replicate 1/3","Contadora","Upwelling","ML5859","50","P.meandrina"
"158","Eastern Pacific Panama","Las Perlas","Branch replicate 2/3","Contadora","Wet","ML6010","230","P.meandrina"
"158","Eastern Pacific Panama","Las Perlas","Branch replicate 3/3","Contadora","Wet","ML6011","201","P.meandrina"
"158","Eastern Pacific Panama","Las Perlas","Branch replicate 1/3","Contadora","Wet","ML6009","203","P.meandrina"
"158","Eastern Pacific Panama","Las Perlas","Branch replicate 3/3","Contadora","Non-upwelling","ML6191","15","P.meandrina"
"158","Eastern Pacific Panama","Las Perlas","Branch replicate 3/3","Contadora","Upwelling","ML5861","40.9","P.meandrina"
"159","Eastern Pacific Panama","Las Perlas","Branch replicate 3/3","Contadora","Upwelling","ML5864","30.6","P.verrucosa"
"159","Eastern Pacific Panama","Las Perlas","Branch replicate 2/3","Contadora","Upwelling","ML5863",">60","P.verrucosa"
"159","Eastern Pacific Panama","Las Perlas","Branch replicate 1/3","Contadora","Non-upwelling","ML6192","178","P.verrucosa"
"159","Eastern Pacific Panama","Las Perlas","Branch replicate 2/3","Contadora","Non-upwelling","ML6193","76.5","P.verrucosa"
"159","Eastern Pacific Panama","Las Perlas","Branch replicate 1/3","Contadora","Upwelling","ML5862",">60","P.verrucosa"
"159","Eastern Pacific Panama","Las Perlas","Branch replicate 2/3","Contadora","Wet","ML6013","80.3","P.verrucosa"
"159","Eastern Pacific Panama","Las Perlas","Branch replicate 3/3","Contadora","Wet","ML6014","54.6","P.verrucosa"
"159","Eastern Pacific Panama","Las Perlas","Branch replicate 1/3","Contadora","Wet","ML6012","245","P.verrucosa"
"159","Eastern Pacific Panama","Las Perlas","Branch replicate 3/3","Contadora","Non-upwelling","ML6194","223","P.verrucosa"
"165","Eastern Pacific Panama","Las Perlas","Branch replicate 2/3","Contadora","Non-upwelling","ML6196","248","P.meandrina"
"165","Eastern Pacific Panama","Las Perlas","Branch replicate 1/3","Contadora","Non-upwelling","ML6195","208","P.meandrina"
"165","Eastern Pacific Panama","Las Perlas","Branch replicate 3/3","Contadora","Non-upwelling","ML6197","65","P.meandrina"
"165","Eastern Pacific Panama","Las Perlas","Branch replicate 1/3","Contadora","Upwelling","ML5865","52","P.meandrina"
"165","Eastern Pacific Panama","Las Perlas","Branch replicate 2/3","Contadora","Upwelling","ML5866",">60","P.meandrina"
"165","Eastern Pacific Panama","Las Perlas","Branch replicate 3/3","Contadora","Wet","ML6017","1.47","P.meandrina"
"165","Eastern Pacific Panama","Las Perlas","Branch replicate 1/3","Contadora","Wet","ML6015","78.2","P.meandrina"
"165","Eastern Pacific Panama","Las Perlas","Branch replicate 2/3","Contadora","Wet","ML6016","72","P.meandrina"
"165","Eastern Pacific Panama","Las Perlas","Branch replicate 3/3","Contadora","Upwelling","ML5867","27","P.meandrina"
"166","Eastern Pacific Panama","Las Perlas","Branch replicate 1/3","Contadora","Wet","ML6018","84.8","P.meandrina"
"166","Eastern Pacific Panama","Las Perlas","Branch replicate 2/3","Contadora","Wet","ML6019","36.8","P.meandrina"
"166","Eastern Pacific Panama","Las Perlas","Branch replicate 3/3","Contadora","Wet","ML6020","36.5","P.meandrina"
"166","Eastern Pacific Panama","Las Perlas","Branch replicate 2/3","Contadora","Non-upwelling","ML6199","253","P.meandrina"
"166","Eastern Pacific Panama","Las Perlas","Branch replicate 3/3","Contadora","Non-upwelling","ML6200","386","P.meandrina"
"166","Eastern Pacific Panama","Las Perlas","Branch replicate 3/3","Contadora","Upwelling","ML5870","34.5","P.meandrina"
"166","Eastern Pacific Panama","Las Perlas","Branch replicate 1/3","Contadora","Upwelling","ML5868","44.1","P.meandrina"
"166","Eastern Pacific Panama","Las Perlas","Branch replicate 1/3","Contadora","Non-upwelling","ML6198","305","P.meandrina"
"166","Eastern Pacific Panama","Las Perlas","Branch replicate 2/3","Contadora","Upwelling","ML5869",">60","P.meandrina"
"167","Eastern Pacific Panama","Las Perlas","Branch replicate 2/3","Contadora","Non-upwelling","ML6202","261","P.verrucosa"
"167","Eastern Pacific Panama","Las Perlas","Branch replicate 1/3","Contadora","Non-upwelling","ML6201","241","P.verrucosa"
"167","Eastern Pacific Panama","Las Perlas","Branch replicate 2/3","Contadora","Wet","ML6022","149","P.verrucosa"
"167","Eastern Pacific Panama","Las Perlas","Branch replicate 3/3","Contadora","Wet","ML6023","176","P.verrucosa"
"167","Eastern Pacific Panama","Las Perlas","Branch replicate 3/3","Contadora","Non-upwelling","ML6203","124","P.verrucosa"
"167","Eastern Pacific Panama","Las Perlas","Branch replicate 1/3","Contadora","Upwelling","ML5871","39.9","P.verrucosa"
"167","Eastern Pacific Panama","Las Perlas","Branch replicate 2/3","Contadora","Upwelling","ML5872",">60","P.verrucosa"
"167","Eastern Pacific Panama","Las Perlas","Branch replicate 3/3","Contadora","Upwelling","ML5873","39.5","P.verrucosa"
"167","Eastern Pacific Panama","Las Perlas","Branch replicate 1/3","Contadora","Wet","ML6021","141","P.verrucosa"
"168","Eastern Pacific Panama","Las Perlas","Branch replicate 2/3","Contadora","Wet","ML6025","50","P.meandrina"
"168","Eastern Pacific Panama","Las Perlas","Branch replicate 3/3","Contadora","Wet","ML6026","27.3","P.meandrina"
"168","Eastern Pacific Panama","Las Perlas","Branch replicate 2/3","Contadora","Upwelling","ML5875","24.9","P.meandrina"
"168","Eastern Pacific Panama","Las Perlas","Branch replicate 1/3","Contadora","Wet","ML6024","600","P.meandrina"
"168","Eastern Pacific Panama","Las Perlas","Branch replicate 3/3","Contadora","Upwelling","ML5876","38.5","P.meandrina"
"168","Eastern Pacific Panama","Las Perlas","Branch replicate 1/3","Contadora","Non-upwelling","ML6204","51.8","P.meandrina"
"168","Eastern Pacific Panama","Las Perlas","Branch replicate 2/3","Contadora","Non-upwelling","ML6205","39.4","P.meandrina"
"168","Eastern Pacific Panama","Las Perlas","Branch replicate 3/3","Contadora","Non-upwelling","ML6206","279","P.meandrina"
"168","Eastern Pacific Panama","Las Perlas","Branch replicate 1/3","Contadora","Upwelling","ML5874","30.9","P.meandrina"
"169","Eastern Pacific Panama","Las Perlas","Branch replicate 3/3","Contadora","Wet","ML6029","600","P.meandrina"
"169","Eastern Pacific Panama","Las Perlas","Branch replicate 1/3","Contadora","Wet","ML6027","600","P.meandrina"
"169","Eastern Pacific Panama","Las Perlas","Branch replicate 3/3","Contadora","Upwelling","ML5879","41.6","P.meandrina"
"169","Eastern Pacific Panama","Las Perlas","Branch replicate 1/3","Contadora","Non-upwelling","ML6207","218","P.meandrina"
"169","Eastern Pacific Panama","Las Perlas","Branch replicate 2/3","Contadora","Non-upwelling","ML6208","447","P.meandrina"
"169","Eastern Pacific Panama","Las Perlas","Branch replicate 2/3","Contadora","Wet","ML6028","600","P.meandrina"
"169","Eastern Pacific Panama","Las Perlas","Branch replicate 1/3","Contadora","Upwelling","ML5877","40.8","P.meandrina"
"169","Eastern Pacific Panama","Las Perlas","Branch replicate 2/3","Contadora","Upwelling","ML5878",">60","P.meandrina"
"169","Eastern Pacific Panama","Las Perlas","Branch replicate 3/3","Contadora","Non-upwelling","ML6209","110","P.meandrina"
"175","Eastern Pacific Panama","Las Perlas","Branch replicate 2/3","Mogomogo","Wet","ML6088","404","P.verrucosa"
"175","Eastern Pacific Panama","Las Perlas","Branch replicate 3/3","Mogomogo","Wet","ML6089","325","P.verrucosa"
"175","Eastern Pacific Panama","Las Perlas","Branch replicate 3/3","Mogomogo","Non-upwelling","ML6269","62.3","P.verrucosa"
"175","Eastern Pacific Panama","Las Perlas","Branch replicate 3/3","Mogomogo","Upwelling","ML5882","157","P.verrucosa"
"175","Eastern Pacific Panama","Las Perlas","Branch replicate 1/3","Mogomogo","Wet","ML6087","172","P.verrucosa"
"175","Eastern Pacific Panama","Las Perlas","Branch replicate 2/3","Mogomogo","Upwelling","ML5881","28.4","P.verrucosa"
"175","Eastern Pacific Panama","Las Perlas","Branch replicate 1/3","Mogomogo","Upwelling","ML5880","29.4","P.verrucosa"
"175","Eastern Pacific Panama","Las Perlas","Branch replicate 2/3","Mogomogo","Non-upwelling","ML6268","25","P.verrucosa"
"175","Eastern Pacific Panama","Las Perlas","Branch replicate 1/3","Mogomogo","Non-upwelling","ML6267","85.6","P.verrucosa"
"176","Eastern Pacific Panama","Las Perlas","Branch replicate 2/3","Mogomogo","Wet","ML6085","218","P.meandrina"
"176","Eastern Pacific Panama","Las Perlas","Branch replicate 2/3","Mogomogo","Non-upwelling","ML6265","37.7","P.meandrina"
"176","Eastern Pacific Panama","Las Perlas","Branch replicate 3/3","Mogomogo","Non-upwelling","ML6266","23.9","P.meandrina"
"176","Eastern Pacific Panama","Las Perlas","Branch replicate 2/3","Mogomogo","Upwelling","ML5884","44.3","P.meandrina"
"176","Eastern Pacific Panama","Las Perlas","Branch replicate 3/3","Mogomogo","Upwelling","ML5885","60","P.meandrina"
"176","Eastern Pacific Panama","Las Perlas","Branch replicate 1/3","Mogomogo","Non-upwelling","ML6264","41.1","P.meandrina"
"176","Eastern Pacific Panama","Las Perlas","Branch replicate 1/3","Mogomogo","Upwelling","ML5883","32.1","P.meandrina"
"176","Eastern Pacific Panama","Las Perlas","Branch replicate 1/3","Mogomogo","Wet","ML6084","570","P.meandrina"
"176","Eastern Pacific Panama","Las Perlas","Branch replicate 3/3","Mogomogo","Wet","ML6086","326","P.meandrina"
"177","Eastern Pacific Panama","Las Perlas","Branch replicate 1/3","Mogomogo","Wet","ML6081","530","P.meandrina"
"177","Eastern Pacific Panama","Las Perlas","Branch replicate 2/3","Mogomogo","Wet","ML6082","600","P.meandrina"
"177","Eastern Pacific Panama","Las Perlas","Branch replicate 3/3","Mogomogo","Wet","ML6083","89.5","P.meandrina"
"177","Eastern Pacific Panama","Las Perlas","Branch replicate 1/3","Mogomogo","Upwelling","ML5886","41","P.meandrina"
"177","Eastern Pacific Panama","Las Perlas","Branch replicate 3/3","Mogomogo","Upwelling","ML5888","23.1","P.meandrina"
"177","Eastern Pacific Panama","Las Perlas","Branch replicate 2/3","Mogomogo","Upwelling","ML5887","41.8","P.meandrina"
"177","Eastern Pacific Panama","Las Perlas","Branch replicate 2/3","Mogomogo","Non-upwelling","ML6262","236","P.meandrina"
"177","Eastern Pacific Panama","Las Perlas","Branch replicate 3/3","Mogomogo","Non-upwelling","ML6263","191","P.meandrina"
"177","Eastern Pacific Panama","Las Perlas","Branch replicate 1/3","Mogomogo","Non-upwelling","ML6261","103","P.meandrina"
"178","Eastern Pacific Panama","Las Perlas","Branch replicate 3/3","Mogomogo","Non-upwelling","ML6260","115","P.meandrina"
"178","Eastern Pacific Panama","Las Perlas","Branch replicate 3/3","Mogomogo","Wet","ML6080","287","P.meandrina"
"178","Eastern Pacific Panama","Las Perlas","Branch replicate 3/3","Mogomogo","Upwelling","ML5891","24.1","P.meandrina"
"178","Eastern Pacific Panama","Las Perlas","Branch replicate 2/3","Mogomogo","Wet","ML6079","62.3","P.meandrina"
"178","Eastern Pacific Panama","Las Perlas","Branch replicate 2/3","Mogomogo","Upwelling","ML5890","25.4","P.meandrina"
"178","Eastern Pacific Panama","Las Perlas","Branch replicate 2/3","Mogomogo","Non-upwelling","ML6259","358","P.meandrina"
"178","Eastern Pacific Panama","Las Perlas","Branch replicate 1/3","Mogomogo","Upwelling","ML5889","42.7","P.meandrina"
"178","Eastern Pacific Panama","Las Perlas","Branch replicate 1/3","Mogomogo","Non-upwelling","ML6258","393","P.meandrina"
"178","Eastern Pacific Panama","Las Perlas","Branch replicate 1/3","Mogomogo","Wet","ML6078","237","P.meandrina"
"179","Eastern Pacific Panama","Las Perlas","Branch replicate 2/3","Mogomogo","Upwelling","ML5893","29.4","P.verrucosa"
"179","Eastern Pacific Panama","Las Perlas","Branch replicate 2/3","Mogomogo","Wet","ML6076","136","P.verrucosa"
"179","Eastern Pacific Panama","Las Perlas","Branch replicate 2/3","Mogomogo","Non-upwelling","ML6256","46.8","P.verrucosa"
"179","Eastern Pacific Panama","Las Perlas","Branch replicate 3/3","Mogomogo","Non-upwelling","ML6257","147","P.verrucosa"
"179","Eastern Pacific Panama","Las Perlas","Branch replicate 3/3","Mogomogo","Wet","ML6077","86.7","P.verrucosa"
"179","Eastern Pacific Panama","Las Perlas","Branch replicate 1/3","Mogomogo","Upwelling","ML5892","35.9","P.verrucosa"
"179","Eastern Pacific Panama","Las Perlas","Branch replicate 1/3","Mogomogo","Wet","ML6075","24.8","P.verrucosa"
"179","Eastern Pacific Panama","Las Perlas","Branch replicate 3/3","Mogomogo","Upwelling","ML5894","7.75","P.verrucosa"
"179","Eastern Pacific Panama","Las Perlas","Branch replicate 1/3","Mogomogo","Non-upwelling","ML6255","89.3","P.verrucosa"
"185","Eastern Pacific Panama","Las Perlas","Branch replicate 3/3","Saboga","Non-upwelling","ML6227","200","P.meandrina"
"185","Eastern Pacific Panama","Las Perlas","Branch replicate 2/3","Saboga","Upwelling","ML5836","25.1","P.meandrina"
"185","Eastern Pacific Panama","Las Perlas","Branch replicate 1/3","Saboga","Non-upwelling","ML6225","349","P.meandrina"
"185","Eastern Pacific Panama","Las Perlas","Branch replicate 2/3","Saboga","Non-upwelling","ML6226","140","P.meandrina"
"185","Eastern Pacific Panama","Las Perlas","Branch replicate 1/3","Saboga","Wet","ML6045","30.7","P.meandrina"
"185","Eastern Pacific Panama","Las Perlas","Branch replicate 2/3","Saboga","Wet","ML6046","46.3","P.meandrina"
"185","Eastern Pacific Panama","Las Perlas","Branch replicate 3/3","Saboga","Upwelling","ML5837","20.8","P.meandrina"
"185","Eastern Pacific Panama","Las Perlas","Branch replicate 3/3","Saboga","Wet","ML6047","32.6","P.meandrina"
"185","Eastern Pacific Panama","Las Perlas","Branch replicate 1/3","Saboga","Upwelling","ML5835","40.1","P.meandrina"
"186","Eastern Pacific Panama","Las Perlas","Branch replicate 2/3","Saboga","Upwelling","ML5839","33.6","P.meandrina"
"186","Eastern Pacific Panama","Las Perlas","Branch replicate 1/3","Saboga","Non-upwelling","ML6228","389","P.meandrina"
"186","Eastern Pacific Panama","Las Perlas","Branch replicate 3/3","Saboga","Non-upwelling","ML6230","570","P.meandrina"
"186","Eastern Pacific Panama","Las Perlas","Branch replicate 1/3","Saboga","Wet","ML6048","49.4","P.meandrina"
"186","Eastern Pacific Panama","Las Perlas","Branch replicate 3/3","Saboga","Upwelling","ML5840","32.8","P.meandrina"
"186","Eastern Pacific Panama","Las Perlas","Branch replicate 2/3","Saboga","Wet","ML6049","50","P.meandrina"
"186","Eastern Pacific Panama","Las Perlas","Branch replicate 2/3","Saboga","Non-upwelling","ML6229","600","P.meandrina"
"186","Eastern Pacific Panama","Las Perlas","Branch replicate 1/3","Saboga","Upwelling","ML5838","34.6","P.meandrina"
"186","Eastern Pacific Panama","Las Perlas","Branch replicate 3/3","Saboga","Wet","ML6050",">60","P.meandrina"
"187","Eastern Pacific Panama","Las Perlas","Branch replicate 1/3","Saboga","Non-upwelling","ML6231","600","P.meandrina"
"187","Eastern Pacific Panama","Las Perlas","Branch replicate 2/3","Saboga","Non-upwelling","ML6232","510","P.meandrina"
"187","Eastern Pacific Panama","Las Perlas","Branch replicate 3/3","Saboga","Non-upwelling","ML6233","600","P.meandrina"
"187","Eastern Pacific Panama","Las Perlas","Branch replicate 3/3","Saboga","Upwelling","ML5843","36.8","P.meandrina"
"187","Eastern Pacific Panama","Las Perlas","Branch replicate 3/3","Saboga","Wet","ML6053","14.5","P.meandrina"
"187","Eastern Pacific Panama","Las Perlas","Branch replicate 1/3","Saboga","Upwelling","ML5841","42.2","P.meandrina"
"187","Eastern Pacific Panama","Las Perlas","Branch replicate 1/3","Saboga","Wet","ML6051","4.8","P.meandrina"
"187","Eastern Pacific Panama","Las Perlas","Branch replicate 2/3","Saboga","Wet","ML6052","56","P.meandrina"
"187","Eastern Pacific Panama","Las Perlas","Branch replicate 2/3","Saboga","Upwelling","ML5842","28.5","P.meandrina"
"188","Eastern Pacific Panama","Las Perlas","Branch replicate 3/3","Saboga","Non-upwelling","ML6236","570","P.meandrina"
"188","Eastern Pacific Panama","Las Perlas","Branch replicate 2/3","Saboga","Upwelling","ML5845","21.7","P.meandrina"
"188","Eastern Pacific Panama","Las Perlas","Branch replicate 2/3","Saboga","Wet","ML6055","42.9","P.meandrina"
"188","Eastern Pacific Panama","Las Perlas","Branch replicate 2/3","Saboga","Non-upwelling","ML6235","247","P.meandrina"
"188","Eastern Pacific Panama","Las Perlas","Branch replicate 1/3","Saboga","Wet","ML6054","465","P.meandrina"
"188","Eastern Pacific Panama","Las Perlas","Branch replicate 3/3","Saboga","Upwelling","ML5846","25.8","P.meandrina"
"188","Eastern Pacific Panama","Las Perlas","Branch replicate 1/3","Saboga","Non-upwelling","ML6234","540","P.meandrina"
"188","Eastern Pacific Panama","Las Perlas","Branch replicate 1/3","Saboga","Upwelling","ML5844","39.1","P.meandrina"
"188","Eastern Pacific Panama","Las Perlas","Branch replicate 3/3","Saboga","Wet","ML6056","45.4","P.meandrina"
"189","Eastern Pacific Panama","Las Perlas","Branch replicate 2/3","Saboga","Non-upwelling","ML6238","510","P.verrucosa"
"189","Eastern Pacific Panama","Las Perlas","Branch replicate 1/3","Saboga","Non-upwelling","ML6237","367","P.verrucosa"
"189","Eastern Pacific Panama","Las Perlas","Branch replicate 3/3","Saboga","Non-upwelling","ML6239","145","P.verrucosa"
"189","Eastern Pacific Panama","Las Perlas","Branch replicate 3/3","Saboga","Upwelling","ML5849","37.7","P.verrucosa"
"189","Eastern Pacific Panama","Las Perlas","Branch replicate 3/3","Saboga","Wet","ML6059","188","P.verrucosa"
"189","Eastern Pacific Panama","Las Perlas","Branch replicate 2/3","Saboga","Upwelling","ML5848","15.6","P.verrucosa"
"189","Eastern Pacific Panama","Las Perlas","Branch replicate 1/3","Saboga","Wet","ML6057","318","P.verrucosa"
"189","Eastern Pacific Panama","Las Perlas","Branch replicate 2/3","Saboga","Wet","ML6058","51.1","P.verrucosa"
"189","Eastern Pacific Panama","Las Perlas","Branch replicate 1/3","Saboga","Upwelling","ML5847","29.1","P.verrucosa"
"195","Eastern Pacific Panama","Las Perlas","Branch replicate 2/3","Saboga","Upwelling","ML5821","15.8",NA
"195","Eastern Pacific Panama","Las Perlas","Branch replicate 1/3","Saboga","Upwelling","ML5820","3.2",NA
"195","Eastern Pacific Panama","Las Perlas","Branch replicate 1/3","Saboga","Non-upwelling","ML6210","131",NA
"195","Eastern Pacific Panama","Las Perlas","Branch replicate 3/3","Saboga","Upwelling","ML5822","30.1",NA
"195","Eastern Pacific Panama","Las Perlas","Branch replicate 3/3","Saboga","Non-upwelling","ML6212","21.3",NA
"195","Eastern Pacific Panama","Las Perlas","Branch replicate 1/3","Saboga","Wet","ML6042","68.3",NA
"195","Eastern Pacific Panama","Las Perlas","Branch replicate 2/3","Saboga","Wet","ML6043","79.7",NA
"195","Eastern Pacific Panama","Las Perlas","Branch replicate 3/3","Saboga","Wet","ML6044","28.7",NA
"195","Eastern Pacific Panama","Las Perlas","Branch replicate 2/3","Saboga","Non-upwelling","ML6211","326",NA
"196","Eastern Pacific Panama","Las Perlas","Branch replicate 2/3","Saboga","Upwelling","ML5824","13.6","P.meandrina"
"196","Eastern Pacific Panama","Las Perlas","Branch replicate 3/3","Saboga","Wet","ML6041","5","P.meandrina"
"196","Eastern Pacific Panama","Las Perlas","Branch replicate 3/3","Saboga","Non-upwelling","ML6221","313","P.meandrina"
"196","Eastern Pacific Panama","Las Perlas","Branch replicate 3/3","Saboga","Upwelling","ML5825","36.1","P.meandrina"
"196","Eastern Pacific Panama","Las Perlas","Branch replicate 1/3","Saboga","Wet","ML6039","6.33","P.meandrina"
"196","Eastern Pacific Panama","Las Perlas","Branch replicate 1/3","Saboga","Upwelling","ML5823","10.8","P.meandrina"
"196","Eastern Pacific Panama","Las Perlas","Branch replicate 2/3","Saboga","Wet","ML6040","184","P.meandrina"
"196","Eastern Pacific Panama","Las Perlas","Branch replicate 2/3","Saboga","Non-upwelling","ML6220","376","P.meandrina"
"196","Eastern Pacific Panama","Las Perlas","Branch replicate 1/3","Saboga","Non-upwelling","ML6219","277","P.meandrina"
"197","Eastern Pacific Panama","Las Perlas","Branch replicate 2/3","Saboga","Wet","ML6037","34.3","P.meandrina"
"197","Eastern Pacific Panama","Las Perlas","Branch replicate 3/3","Saboga","Wet","ML6038","18.9","P.meandrina"
"197","Eastern Pacific Panama","Las Perlas","Branch replicate 3/3","Saboga","Upwelling","ML5828","26.3","P.meandrina"
"197","Eastern Pacific Panama","Las Perlas","Branch replicate 3/3","Saboga","Non-upwelling","ML6218","74.9","P.meandrina"
"197","Eastern Pacific Panama","Las Perlas","Branch replicate 2/3","Saboga","Upwelling","ML5827","3.2","P.meandrina"
"197","Eastern Pacific Panama","Las Perlas","Branch replicate 1/3","Saboga","Wet","ML6036","14.6","P.meandrina"
"197","Eastern Pacific Panama","Las Perlas","Branch replicate 2/3","Saboga","Non-upwelling","ML6217","42.7","P.meandrina"
"197","Eastern Pacific Panama","Las Perlas","Branch replicate 1/3","Saboga","Upwelling","ML5826","6.29","P.meandrina"
"197","Eastern Pacific Panama","Las Perlas","Branch replicate 1/3","Saboga","Non-upwelling","ML6216","86","P.meandrina"
"198","Eastern Pacific Panama","Las Perlas","Branch replicate 2/3","Saboga","Wet","ML6034","13.3","P.meandrina"
"198","Eastern Pacific Panama","Las Perlas","Branch replicate 3/3","Saboga","Wet","ML6035","10.1","P.meandrina"
"198","Eastern Pacific Panama","Las Perlas","Branch replicate 2/3","Saboga","Non-upwelling","ML6214","540","P.meandrina"
"198","Eastern Pacific Panama","Las Perlas","Branch replicate 3/3","Saboga","Non-upwelling","ML6215","327","P.meandrina"
"198","Eastern Pacific Panama","Las Perlas","Branch replicate 1/3","Saboga","Wet","ML6033","118","P.meandrina"
"198","Eastern Pacific Panama","Las Perlas","Branch replicate 1/3","Saboga","Non-upwelling","ML6213","319","P.meandrina"
"198","Eastern Pacific Panama","Las Perlas","Branch replicate 1/3","Saboga","Upwelling","ML5829","9.97","P.meandrina"
"198","Eastern Pacific Panama","Las Perlas","Branch replicate 2/3","Saboga","Upwelling","ML5830","6.57","P.meandrina"
"198","Eastern Pacific Panama","Las Perlas","Branch replicate 3/3","Saboga","Upwelling","ML5831","32.1","P.meandrina"
"199","Eastern Pacific Panama","Las Perlas","Branch replicate 1/3","Saboga","Upwelling","ML5832","11.5",NA
"199","Eastern Pacific Panama","Las Perlas","Branch replicate 3/3","Saboga","Non-upwelling","ML6224","382",NA
"199","Eastern Pacific Panama","Las Perlas","Branch replicate 3/3","Saboga","Upwelling","ML5834","16.1",NA
"199","Eastern Pacific Panama","Las Perlas","Branch replicate 2/3","Saboga","Non-upwelling","ML6223","600",NA
"199","Eastern Pacific Panama","Las Perlas","Branch replicate 3/3","Saboga","Wet","ML6032","71",NA
"199","Eastern Pacific Panama","Las Perlas","Branch replicate 1/3","Saboga","Non-upwelling","ML6222","324",NA
"199","Eastern Pacific Panama","Las Perlas","Branch replicate 2/3","Saboga","Upwelling","ML5833","22.6",NA
"199","Eastern Pacific Panama","Las Perlas","Branch replicate 1/3","Saboga","Wet","ML6030","7.94",NA
"199","Eastern Pacific Panama","Las Perlas","Branch replicate 2/3","Saboga","Wet","ML6031","26.4",NA
"200","Eastern Pacific Panama","Las Perlas","Branch replicate 3/3","Mogomogo","Non-upwelling","ML6254","109","P.meandrina"
"200","Eastern Pacific Panama","Las Perlas","Branch replicate 2/3","Mogomogo","Non-upwelling","ML6253","28.6","P.meandrina"
"200","Eastern Pacific Panama","Las Perlas","Branch replicate 3/3","Mogomogo","Upwelling","ML5897","53","P.meandrina"
"200","Eastern Pacific Panama","Las Perlas","Branch replicate 1/3","Mogomogo","Wet","ML6072","38.7","P.meandrina"
"200","Eastern Pacific Panama","Las Perlas","Branch replicate 1/3","Mogomogo","Non-upwelling","ML6252","88.1","P.meandrina"
"200","Eastern Pacific Panama","Las Perlas","Branch replicate 3/3","Mogomogo","Wet","ML6074","5","P.meandrina"
"200","Eastern Pacific Panama","Las Perlas","Branch replicate 2/3","Mogomogo","Upwelling","ML5896","29.4","P.meandrina"
"200","Eastern Pacific Panama","Las Perlas","Branch replicate 1/3","Mogomogo","Upwelling","ML5895","31.7","P.meandrina"
"200","Eastern Pacific Panama","Las Perlas","Branch replicate 2/3","Mogomogo","Wet","ML6073","460","P.meandrina"
"201","Eastern Pacific Panama","Las Perlas","Branch replicate 3/3","Mogomogo","Non-upwelling","ML6251","293","P.meandrina"
"201","Eastern Pacific Panama","Las Perlas","Branch replicate 3/3","Mogomogo","Wet","ML6071","164","P.meandrina"
"201","Eastern Pacific Panama","Las Perlas","Branch replicate 1/3","Mogomogo","Wet","ML6069","50","P.meandrina"
"201","Eastern Pacific Panama","Las Perlas","Branch replicate 2/3","Mogomogo","Non-upwelling","ML6250","46","P.meandrina"
"201","Eastern Pacific Panama","Las Perlas","Branch replicate 2/3","Mogomogo","Wet","ML6070","89.2","P.meandrina"
"201","Eastern Pacific Panama","Las Perlas","Branch replicate 3/3","Mogomogo","Upwelling","ML5900","233","P.meandrina"
"201","Eastern Pacific Panama","Las Perlas","Branch replicate 1/3","Mogomogo","Upwelling","ML5898","46.6","P.meandrina"
"201","Eastern Pacific Panama","Las Perlas","Branch replicate 1/3","Mogomogo","Non-upwelling","ML6249","475","P.meandrina"
"201","Eastern Pacific Panama","Las Perlas","Branch replicate 2/3","Mogomogo","Upwelling","ML5899","19.2","P.meandrina"
"202","Eastern Pacific Panama","Las Perlas","Branch replicate 3/3","Mogomogo","Wet","ML6068","40.5","P.meandrina"
"202","Eastern Pacific Panama","Las Perlas","Branch replicate 1/3","Mogomogo","Wet","ML6066","43","P.meandrina"
"202","Eastern Pacific Panama","Las Perlas","Branch replicate 2/3","Mogomogo","Non-upwelling","ML6247","114","P.meandrina"
"202","Eastern Pacific Panama","Las Perlas","Branch replicate 2/3","Mogomogo","Wet","ML6067","44.4","P.meandrina"
"202","Eastern Pacific Panama","Las Perlas","Branch replicate 2/3","Mogomogo","Upwelling","ML5902","40.8","P.meandrina"
"202","Eastern Pacific Panama","Las Perlas","Branch replicate 3/3","Mogomogo","Upwelling","ML5903","26.3","P.meandrina"
"202","Eastern Pacific Panama","Las Perlas","Branch replicate 1/3","Mogomogo","Non-upwelling","ML6246","181","P.meandrina"
"202","Eastern Pacific Panama","Las Perlas","Branch replicate 3/3","Mogomogo","Non-upwelling","ML6248","371","P.meandrina"
"202","Eastern Pacific Panama","Las Perlas","Branch replicate 1/3","Mogomogo","Upwelling","ML5901","34","P.meandrina"
"203","Eastern Pacific Panama","Las Perlas","Branch replicate 3/3","Mogomogo","Wet","ML6065","3.96","P.meandrina"
"203","Eastern Pacific Panama","Las Perlas","Branch replicate 2/3","Mogomogo","Upwelling","ML5905","38.7","P.meandrina"
"203","Eastern Pacific Panama","Las Perlas","Branch replicate 1/3","Mogomogo","Upwelling","ML5904","34","P.meandrina"
"203","Eastern Pacific Panama","Las Perlas","Branch replicate 3/3","Mogomogo","Non-upwelling","ML6245","43.4","P.meandrina"
"203","Eastern Pacific Panama","Las Perlas","Branch replicate 2/3","Mogomogo","Wet","ML6064","6.38","P.meandrina"
"203","Eastern Pacific Panama","Las Perlas","Branch replicate 3/3","Mogomogo","Upwelling","ML5906","116","P.meandrina"
"203","Eastern Pacific Panama","Las Perlas","Branch replicate 2/3","Mogomogo","Non-upwelling","ML6244","156","P.meandrina"
"203","Eastern Pacific Panama","Las Perlas","Branch replicate 1/3","Mogomogo","Wet","ML6063","39.5","P.meandrina"
"203","Eastern Pacific Panama","Las Perlas","Branch replicate 1/3","Mogomogo","Non-upwelling","ML6243","56.4","P.meandrina"
"204","Eastern Pacific Panama","Las Perlas","Branch replicate 2/3","Mogomogo","Upwelling","ML5908","23","P.meandrina"
"204","Eastern Pacific Panama","Las Perlas","Branch replicate 2/3","Mogomogo","Non-upwelling","ML6241","219","P.meandrina"
"204","Eastern Pacific Panama","Las Perlas","Branch replicate 3/3","Mogomogo","Non-upwelling","ML6242","93.6","P.meandrina"
"204","Eastern Pacific Panama","Las Perlas","Branch replicate 3/3","Mogomogo","Upwelling","ML5909","14.8","P.meandrina"
"204","Eastern Pacific Panama","Las Perlas","Branch replicate 1/3","Mogomogo","Non-upwelling","ML6240","84.2","P.meandrina"
"204","Eastern Pacific Panama","Las Perlas","Branch replicate 1/3","Mogomogo","Wet","ML6060","0.159","P.meandrina"
"204","Eastern Pacific Panama","Las Perlas","Branch replicate 2/3","Mogomogo","Wet","ML6061","41.1","P.meandrina"
"204","Eastern Pacific Panama","Las Perlas","Branch replicate 1/3","Mogomogo","Upwelling","ML5907","38.2","P.meandrina"
"204","Eastern Pacific Panama","Las Perlas","Branch replicate 3/3","Mogomogo","Wet","ML6062","40.9","P.meandrina"
"205","Eastern Pacific Panama","Coiba","Branch replicate 2/3","Canales","Upwelling","ML5941","40,7","P.verrucosa"
"205","Eastern Pacific Panama","Coiba","Branch replicate 3/3","Canales","Upwelling","ML5942","45,7","P.verrucosa"
"205","Eastern Pacific Panama","Coiba","Branch replicate 1/3","Canales","Wet","ML6090","70.1","P.verrucosa"
"205","Eastern Pacific Panama","Coiba","Branch replicate 2/3","Canales","Wet","ML6091","316","P.verrucosa"
"205","Eastern Pacific Panama","Coiba","Branch replicate 3/3","Canales","Wet","ML6092","468","P.verrucosa"
"205","Eastern Pacific Panama","Coiba","Branch replicate 1/3","Canales","Upwelling","ML5940",">60","P.verrucosa"
"205","Eastern Pacific Panama","Coiba","Branch replicate 3/3","Canales","Non-upwelling","ML6359","234","P.verrucosa"
"205","Eastern Pacific Panama","Coiba","Branch replicate 1/3","Canales","Non-upwelling","ML6357","245","P.verrucosa"
"205","Eastern Pacific Panama","Coiba","Branch replicate 2/3","Canales","Non-upwelling","ML6358","358","P.verrucosa"
"206","Eastern Pacific Panama","Coiba","Branch replicate 3/3","Canales","Non-upwelling","ML6356","190",NA
"206","Eastern Pacific Panama","Coiba","Branch replicate 3/3","Canales","Upwelling","ML5945","49",NA
"206","Eastern Pacific Panama","Coiba","Branch replicate 1/3","Canales","Upwelling","ML5943","0.239",NA
"206","Eastern Pacific Panama","Coiba","Branch replicate 2/3","Canales","Upwelling","ML5944","44,6",NA
"206","Eastern Pacific Panama","Coiba","Branch replicate 3/3","Canales","Wet","ML6095","24.7",NA
"206","Eastern Pacific Panama","Coiba","Branch replicate 1/3","Canales","Wet","ML6093","34",NA
"206","Eastern Pacific Panama","Coiba","Branch replicate 2/3","Canales","Wet","ML6094","108",NA
"206","Eastern Pacific Panama","Coiba","Branch replicate 1/3","Canales","Non-upwelling","ML6354","299",NA
"206","Eastern Pacific Panama","Coiba","Branch replicate 2/3","Canales","Non-upwelling","ML6355","421",NA
"207","Eastern Pacific Panama","Coiba","Branch replicate 3/3","Canales","Non-upwelling","ML6353","406",NA
"207","Eastern Pacific Panama","Coiba","Branch replicate 2/3","Canales","Non-upwelling","ML6352","209",NA
"207","Eastern Pacific Panama","Coiba","Branch replicate 1/3","Canales","Wet","ML6096","81.1",NA
"207","Eastern Pacific Panama","Coiba","Branch replicate 3/3","Canales","Wet","ML6098","26.6",NA
"207","Eastern Pacific Panama","Coiba","Branch replicate 1/3","Canales","Non-upwelling","ML6351","249",NA
"207","Eastern Pacific Panama","Coiba","Branch replicate 1/3","Canales","Upwelling","ML5946",">60",NA
"207","Eastern Pacific Panama","Coiba","Branch replicate 3/3","Canales","Upwelling","ML5948","42,4",NA
"207","Eastern Pacific Panama","Coiba","Branch replicate 2/3","Canales","Wet","ML6097","20",NA
"207","Eastern Pacific Panama","Coiba","Branch replicate 2/3","Canales","Upwelling","ML5947",">60",NA
"208","Eastern Pacific Panama","Coiba","Branch replicate 1/3","Canales","Non-upwelling","ML6348","113","P.verrucosa"
"208","Eastern Pacific Panama","Coiba","Branch replicate 3/3","Canales","Non-upwelling","ML6350","415","P.verrucosa"
"208","Eastern Pacific Panama","Coiba","Branch replicate 1/3","Canales","Wet","ML6099","212","P.verrucosa"
"208","Eastern Pacific Panama","Coiba","Branch replicate 2/3","Canales","Non-upwelling","ML6349","33.6","P.verrucosa"
"208","Eastern Pacific Panama","Coiba","Branch replicate 3/3","Canales","Upwelling","ML5951","46,5","P.verrucosa"
"208","Eastern Pacific Panama","Coiba","Branch replicate 3/3","Canales","Wet","ML6101","117","P.verrucosa"
"208","Eastern Pacific Panama","Coiba","Branch replicate 1/3","Canales","Upwelling","ML5949",">60","P.verrucosa"
"208","Eastern Pacific Panama","Coiba","Branch replicate 2/3","Canales","Upwelling","ML5950","46,4","P.verrucosa"
"208","Eastern Pacific Panama","Coiba","Branch replicate 2/3","Canales","Wet","ML6100","34.2","P.verrucosa"
"209","Eastern Pacific Panama","Coiba","Branch replicate 2/3","Canales","Upwelling","ML5953","44,1","P.meandrina"
"209","Eastern Pacific Panama","Coiba","Branch replicate 1/3","Canales","Wet","ML6102","99.9","P.meandrina"
"209","Eastern Pacific Panama","Coiba","Branch replicate 3/3","Canales","Upwelling","ML5954",">60","P.meandrina"
"209","Eastern Pacific Panama","Coiba","Branch replicate 2/3","Canales","Wet","ML6103","402","P.meandrina"
"209","Eastern Pacific Panama","Coiba","Branch replicate 3/3","Canales","Wet","ML6104","209","P.meandrina"
"209","Eastern Pacific Panama","Coiba","Branch replicate 1/3","Canales","Non-upwelling","ML6342","458","P.meandrina"
"209","Eastern Pacific Panama","Coiba","Branch replicate 3/3","Canales","Non-upwelling","ML6344","174","P.meandrina"
"209","Eastern Pacific Panama","Coiba","Branch replicate 1/3","Canales","Upwelling","ML5952",">60","P.meandrina"
"209","Eastern Pacific Panama","Coiba","Branch replicate 2/3","Canales","Non-upwelling","ML6343","23.9","P.meandrina"
"210","Eastern Pacific Panama","Coiba","Branch replicate 1/3","Canales","Upwelling","ML5955",">60","P.verrucosa"
"210","Eastern Pacific Panama","Coiba","Branch replicate 3/3","Canales","Wet","ML6107","313","P.verrucosa"
"210","Eastern Pacific Panama","Coiba","Branch replicate 2/3","Canales","Non-upwelling","ML6346","179","P.verrucosa"
"210","Eastern Pacific Panama","Coiba","Branch replicate 2/3","Canales","Upwelling","ML5956","44,2","P.verrucosa"
"210","Eastern Pacific Panama","Coiba","Branch replicate 3/3","Canales","Upwelling","ML5957","44,2","P.verrucosa"
"210","Eastern Pacific Panama","Coiba","Branch replicate 2/3","Canales","Wet","ML6106","130","P.verrucosa"
"210","Eastern Pacific Panama","Coiba","Branch replicate 1/3","Canales","Non-upwelling","ML6345","309","P.verrucosa"
"210","Eastern Pacific Panama","Coiba","Branch replicate 3/3","Canales","Non-upwelling","ML6347","72.9","P.verrucosa"
"210","Eastern Pacific Panama","Coiba","Branch replicate 1/3","Canales","Wet","ML6105","104","P.verrucosa"
"211","Eastern Pacific Panama","Coiba","Branch replicate 1/3","Canales","Wet","ML6108","92.2","P.verrucosa"
"211","Eastern Pacific Panama","Coiba","Branch replicate 1/3","Canales","Upwelling","ML5958","49.4","P.verrucosa"
"211","Eastern Pacific Panama","Coiba","Branch replicate 3/3","Canales","Upwelling","ML5960","45,1","P.verrucosa"
"211","Eastern Pacific Panama","Coiba","Branch replicate 1/3","Canales","Non-upwelling","ML6339","315","P.verrucosa"
"211","Eastern Pacific Panama","Coiba","Branch replicate 2/3","Canales","Non-upwelling","ML6340","456","P.verrucosa"
"211","Eastern Pacific Panama","Coiba","Branch replicate 3/3","Canales","Non-upwelling","ML6341","458","P.verrucosa"
"211","Eastern Pacific Panama","Coiba","Branch replicate 2/3","Canales","Wet","ML6109","231","P.verrucosa"
"211","Eastern Pacific Panama","Coiba","Branch replicate 3/3","Canales","Wet","ML6110","323","P.verrucosa"
"211","Eastern Pacific Panama","Coiba","Branch replicate 2/3","Canales","Upwelling","ML5959",">60","P.verrucosa"
"212","Eastern Pacific Panama","Coiba","Branch replicate 3/3","Canales","Non-upwelling","ML6338","99.9","P.meandrina"
"212","Eastern Pacific Panama","Coiba","Branch replicate 2/3","Canales","Wet","ML6112","204","P.meandrina"
"212","Eastern Pacific Panama","Coiba","Branch replicate 2/3","Canales","Non-upwelling","ML6337","122","P.meandrina"
"212","Eastern Pacific Panama","Coiba","Branch replicate 1/3","Canales","Upwelling","ML5961",">60","P.meandrina"
"212","Eastern Pacific Panama","Coiba","Branch replicate 3/3","Canales","Wet","ML6113","121","P.meandrina"
"212","Eastern Pacific Panama","Coiba","Branch replicate 1/3","Canales","Wet","ML6111","510","P.meandrina"
"212","Eastern Pacific Panama","Coiba","Branch replicate 2/3","Canales","Upwelling","ML5962","55","P.meandrina"
"212","Eastern Pacific Panama","Coiba","Branch replicate 1/3","Canales","Non-upwelling","ML6336","134","P.meandrina"
"212","Eastern Pacific Panama","Coiba","Branch replicate 3/3","Canales","Upwelling","ML5963",">60","P.meandrina"
"213","Eastern Pacific Panama","Coiba","Branch replicate 2/3","Canales","Non-upwelling","ML6334","498","P.verrucosa"
"213","Eastern Pacific Panama","Coiba","Branch replicate 1/3","Canales","Non-upwelling","ML6333","82.6","P.verrucosa"
"213","Eastern Pacific Panama","Coiba","Branch replicate 3/3","Canales","Wet","ML6116","229","P.verrucosa"
"213","Eastern Pacific Panama","Coiba","Branch replicate 3/3","Canales","Non-upwelling","ML6335","125","P.verrucosa"
"213","Eastern Pacific Panama","Coiba","Branch replicate 2/3","Canales","Wet","ML6115","233","P.verrucosa"
"213","Eastern Pacific Panama","Coiba","Branch replicate 1/3","Canales","Upwelling","ML5964","42","P.verrucosa"
"213","Eastern Pacific Panama","Coiba","Branch replicate 2/3","Canales","Upwelling","ML5965",">60","P.verrucosa"
"213","Eastern Pacific Panama","Coiba","Branch replicate 1/3","Canales","Wet","ML6114","192","P.verrucosa"
"213","Eastern Pacific Panama","Coiba","Branch replicate 3/3","Canales","Upwelling","ML5966",">60","P.verrucosa"
"214","Eastern Pacific Panama","Coiba","Branch replicate 1/3","Canales","Wet","ML6117","321","P.verrucosa"
"214","Eastern Pacific Panama","Coiba","Branch replicate 2/3","Canales","Upwelling","ML5968",">60","P.verrucosa"
"214","Eastern Pacific Panama","Coiba","Branch replicate 1/3","Canales","Non-upwelling","ML6330","284","P.verrucosa"
"214","Eastern Pacific Panama","Coiba","Branch replicate 2/3","Canales","Wet","ML6118","258","P.verrucosa"
"214","Eastern Pacific Panama","Coiba","Branch replicate 3/3","Canales","Upwelling","ML5969",">60","P.verrucosa"
"214","Eastern Pacific Panama","Coiba","Branch replicate 1/3","Canales","Upwelling","ML5967",">60","P.verrucosa"
"214","Eastern Pacific Panama","Coiba","Branch replicate 2/3","Canales","Non-upwelling","ML6331","208","P.verrucosa"
"214","Eastern Pacific Panama","Coiba","Branch replicate 3/3","Canales","Wet","ML6119","330","P.verrucosa"
"214","Eastern Pacific Panama","Coiba","Branch replicate 3/3","Canales","Non-upwelling","ML6332","254","P.verrucosa"
"215","Eastern Pacific Panama","Coiba","Branch replicate 1/3","Machete","Non-upwelling","ML6270","510","P.meandrina"
"215","Eastern Pacific Panama","Coiba","Branch replicate 2/3","Machete","Wet","ML6121","61.5","P.meandrina"
"215","Eastern Pacific Panama","Coiba","Branch replicate 2/3","Machete","Upwelling","ML5971","99.9","P.meandrina"
"215","Eastern Pacific Panama","Coiba","Branch replicate 1/3","Machete","Wet","ML6120","183","P.meandrina"
"215","Eastern Pacific Panama","Coiba","Branch replicate 1/3","Machete","Upwelling","ML5970","55","P.meandrina"
"215","Eastern Pacific Panama","Coiba","Branch replicate 3/3","Machete","Non-upwelling","ML6272","411","P.meandrina"
"215","Eastern Pacific Panama","Coiba","Branch replicate 3/3","Machete","Upwelling","ML5972","489","P.meandrina"
"215","Eastern Pacific Panama","Coiba","Branch replicate 2/3","Machete","Non-upwelling","ML6271","600","P.meandrina"
"215","Eastern Pacific Panama","Coiba","Branch replicate 3/3","Machete","Wet","ML6122","66.6","P.meandrina"
"216","Eastern Pacific Panama","Coiba","Branch replicate 1/3","Machete","Upwelling","ML5973","38.1","P.verrucosa"
"216","Eastern Pacific Panama","Coiba","Branch replicate 3/3","Machete","Upwelling","ML5975","270","P.verrucosa"
"216","Eastern Pacific Panama","Coiba","Branch replicate 1/3","Machete","Non-upwelling","ML6273","166","P.verrucosa"
"216","Eastern Pacific Panama","Coiba","Branch replicate 2/3","Machete","Non-upwelling","ML6274","500","P.verrucosa"
"216","Eastern Pacific Panama","Coiba","Branch replicate 3/3","Machete","Non-upwelling","ML6275","540","P.verrucosa"
"216","Eastern Pacific Panama","Coiba","Branch replicate 2/3","Machete","Upwelling","ML5974","224","P.verrucosa"
"216","Eastern Pacific Panama","Coiba","Branch replicate 1/3","Machete","Wet","ML6123","221","P.verrucosa"
"216","Eastern Pacific Panama","Coiba","Branch replicate 2/3","Machete","Wet","ML6124","401","P.verrucosa"
"216","Eastern Pacific Panama","Coiba","Branch replicate 3/3","Machete","Wet","ML6125","159","P.verrucosa"
"217","Eastern Pacific Panama","Coiba","Branch replicate 3/3","Machete","Wet","ML6128","83.4","P.meandrina"
"217","Eastern Pacific Panama","Coiba","Branch replicate 2/3","Machete","Upwelling","ML5977","143","P.meandrina"
"217","Eastern Pacific Panama","Coiba","Branch replicate 1/3","Machete","Non-upwelling","ML6279","325","P.meandrina"
"217","Eastern Pacific Panama","Coiba","Branch replicate 2/3","Machete","Wet","ML6127","788","P.meandrina"
"217","Eastern Pacific Panama","Coiba","Branch replicate 3/3","Machete","Non-upwelling","ML6281","600","P.meandrina"
"217","Eastern Pacific Panama","Coiba","Branch replicate 2/3","Machete","Non-upwelling","ML6280","83.5","P.meandrina"
"217","Eastern Pacific Panama","Coiba","Branch replicate 3/3","Machete","Upwelling","ML5978","498","P.meandrina"
"217","Eastern Pacific Panama","Coiba","Branch replicate 1/3","Machete","Wet","ML6126","187","P.meandrina"
"217","Eastern Pacific Panama","Coiba","Branch replicate 1/3","Machete","Upwelling","ML5976","26.8","P.meandrina"
"218","Eastern Pacific Panama","Coiba","Branch replicate 3/3","Machete","Upwelling","ML5981","54.7","P.verrucosa"
"218","Eastern Pacific Panama","Coiba","Branch replicate 3/3","Machete","Non-upwelling","ML6278","530","P.verrucosa"
"218","Eastern Pacific Panama","Coiba","Branch replicate 2/3","Machete","Upwelling","ML5980","244","P.verrucosa"
"218","Eastern Pacific Panama","Coiba","Branch replicate 2/3","Machete","Non-upwelling","ML6277","550","P.verrucosa"
"218","Eastern Pacific Panama","Coiba","Branch replicate 2/3","Machete","Wet","ML6130","75.3","P.verrucosa"
"218","Eastern Pacific Panama","Coiba","Branch replicate 1/3","Machete","Upwelling","ML5979","58","P.verrucosa"
"218","Eastern Pacific Panama","Coiba","Branch replicate 1/3","Machete","Non-upwelling","ML6276","600","P.verrucosa"
"218","Eastern Pacific Panama","Coiba","Branch replicate 1/3","Machete","Wet","ML6129","164","P.verrucosa"
"218","Eastern Pacific Panama","Coiba","Branch replicate 3/3","Machete","Wet","ML6131","520","P.verrucosa"
"219","Eastern Pacific Panama","Coiba","Branch replicate 1/3","Machete","Non-upwelling","ML6282","183","P.meandrina"
"219","Eastern Pacific Panama","Coiba","Branch replicate 2/3","Machete","Non-upwelling","ML6283","447","P.meandrina"
"219","Eastern Pacific Panama","Coiba","Branch replicate 3/3","Machete","Wet","ML6134","393","P.meandrina"
"219","Eastern Pacific Panama","Coiba","Branch replicate 3/3","Machete","Upwelling","ML5984","161","P.meandrina"
"219","Eastern Pacific Panama","Coiba","Branch replicate 2/3","Machete","Wet","ML6133","341","P.meandrina"
"219","Eastern Pacific Panama","Coiba","Branch replicate 1/3","Machete","Upwelling","ML5982","60","P.meandrina"
"219","Eastern Pacific Panama","Coiba","Branch replicate 2/3","Machete","Upwelling","ML5983","364","P.meandrina"
"219","Eastern Pacific Panama","Coiba","Branch replicate 1/3","Machete","Wet","ML6132","268","P.meandrina"
"219","Eastern Pacific Panama","Coiba","Branch replicate 3/3","Machete","Non-upwelling","ML6284","397","P.meandrina"
"220","Eastern Pacific Panama","Coiba","Branch replicate 1/3","Machete","Upwelling","ML5985","55","P.verrucosa"
"220","Eastern Pacific Panama","Coiba","Branch replicate 3/3","Machete","Wet","ML6137","95.4","P.verrucosa"
"220","Eastern Pacific Panama","Coiba","Branch replicate 2/3","Machete","Upwelling","ML5986","245","P.verrucosa"
"220","Eastern Pacific Panama","Coiba","Branch replicate 1/3","Machete","Wet","ML6135","155","P.verrucosa"
"220","Eastern Pacific Panama","Coiba","Branch replicate 2/3","Machete","Wet","ML6136","312","P.verrucosa"
"220","Eastern Pacific Panama","Coiba","Branch replicate 1/3","Machete","Non-upwelling","ML6285","294","P.verrucosa"
"220","Eastern Pacific Panama","Coiba","Branch replicate 2/3","Machete","Non-upwelling","ML6286","279","P.verrucosa"
"220","Eastern Pacific Panama","Coiba","Branch replicate 3/3","Machete","Non-upwelling","ML6287","316","P.verrucosa"
"220","Eastern Pacific Panama","Coiba","Branch replicate 3/3","Machete","Upwelling","ML5987","540","P.verrucosa"
"221","Eastern Pacific Panama","Coiba","Branch replicate 2/3","Machete","Non-upwelling","ML6289","600","P.verrucosa"
"221","Eastern Pacific Panama","Coiba","Branch replicate 1/3","Machete","Upwelling","ML5988","44.6","P.verrucosa"
"221","Eastern Pacific Panama","Coiba","Branch replicate 2/3","Machete","Upwelling","ML5989","162","P.verrucosa"
"221","Eastern Pacific Panama","Coiba","Branch replicate 1/3","Machete","Non-upwelling","ML6288","180","P.verrucosa"
"221","Eastern Pacific Panama","Coiba","Branch replicate 3/3","Machete","Non-upwelling","ML6290","322","P.verrucosa"
"221","Eastern Pacific Panama","Coiba","Branch replicate 3/3","Machete","Upwelling","ML5990","136","P.verrucosa"
"221","Eastern Pacific Panama","Coiba","Branch replicate 3/3","Machete","Wet","ML6140","152","P.verrucosa"
"221","Eastern Pacific Panama","Coiba","Branch replicate 2/3","Machete","Wet","ML6139","390","P.verrucosa"
"221","Eastern Pacific Panama","Coiba","Branch replicate 1/3","Machete","Wet","ML6138","447","P.verrucosa"
"222","Eastern Pacific Panama","Coiba","Branch replicate 1/3","Machete","Non-upwelling","ML6291","173",NA
"222","Eastern Pacific Panama","Coiba","Branch replicate 2/3","Machete","Non-upwelling","ML6292","196",NA
"222","Eastern Pacific Panama","Coiba","Branch replicate 3/3","Machete","Wet","ML6143","173",NA
"222","Eastern Pacific Panama","Coiba","Branch replicate 3/3","Machete","Upwelling","ML5993","239",NA
"222","Eastern Pacific Panama","Coiba","Branch replicate 3/3","Machete","Non-upwelling","ML6293","366",NA
"222","Eastern Pacific Panama","Coiba","Branch replicate 2/3","Machete","Wet","ML6142","42.6",NA
"222","Eastern Pacific Panama","Coiba","Branch replicate 2/3","Machete","Upwelling","ML5992","115",NA
"222","Eastern Pacific Panama","Coiba","Branch replicate 1/3","Machete","Wet","ML6141","169",NA
"222","Eastern Pacific Panama","Coiba","Branch replicate 1/3","Machete","Upwelling","ML5991","49.9",NA
"223","Eastern Pacific Panama","Coiba","Branch replicate 3/3","Machete","Non-upwelling","ML6296","343","P.verrucosa"
"223","Eastern Pacific Panama","Coiba","Branch replicate 2/3","Machete","Wet","ML6145","285","P.verrucosa"
"223","Eastern Pacific Panama","Coiba","Branch replicate 1/3","Machete","Non-upwelling","ML6294","244","P.verrucosa"
"223","Eastern Pacific Panama","Coiba","Branch replicate 2/3","Machete","Non-upwelling","ML6295","413","P.verrucosa"
"223","Eastern Pacific Panama","Coiba","Branch replicate 1/3","Machete","Wet","ML6144","123","P.verrucosa"
"223","Eastern Pacific Panama","Coiba","Branch replicate 1/3","Machete","Upwelling","ML5994","47.4","P.verrucosa"
"223","Eastern Pacific Panama","Coiba","Branch replicate 3/3","Machete","Wet","ML6146","316","P.verrucosa"
"223","Eastern Pacific Panama","Coiba","Branch replicate 3/3","Machete","Upwelling","ML5996","384","P.verrucosa"
"223","Eastern Pacific Panama","Coiba","Branch replicate 2/3","Machete","Upwelling","ML5995","279","P.verrucosa"
"224","Eastern Pacific Panama","Coiba","Branch replicate 2/3","Machete","Wet","ML6148","75.7","P.verrucosa"
"224","Eastern Pacific Panama","Coiba","Branch replicate 3/3","Machete","Wet","ML6149","292","P.verrucosa"
"224","Eastern Pacific Panama","Coiba","Branch replicate 1/3","Machete","Wet","ML6147","191","P.verrucosa"
"224","Eastern Pacific Panama","Coiba","Branch replicate 1/3","Machete","Upwelling","ML5997","47.7","P.verrucosa"
"224","Eastern Pacific Panama","Coiba","Branch replicate 2/3","Machete","Upwelling","ML5998","125","P.verrucosa"
"224","Eastern Pacific Panama","Coiba","Branch replicate 3/3","Machete","Upwelling","ML5999","101","P.verrucosa"
"224","Eastern Pacific Panama","Coiba","Branch replicate 1/3","Machete","Non-upwelling","ML6297","211","P.verrucosa"
"224","Eastern Pacific Panama","Coiba","Branch replicate 2/3","Machete","Non-upwelling","ML6298","276","P.verrucosa"
"224","Eastern Pacific Panama","Coiba","Branch replicate 3/3","Machete","Non-upwelling","ML6299","156","P.verrucosa"
"225","Eastern Pacific Panama","Coiba","Branch replicate 1/3","Granito","Upwelling","ML5910",">60","P.verrucosa"
"225","Eastern Pacific Panama","Coiba","Branch replicate 2/3","Granito","Upwelling","ML5911","230","P.verrucosa"
"225","Eastern Pacific Panama","Coiba","Branch replicate 3/3","Granito","Upwelling","ML5912","149","P.verrucosa"
"225","Eastern Pacific Panama","Coiba","Branch replicate 3/3","Granito","Wet","ML6152","108","P.verrucosa"
"225","Eastern Pacific Panama","Coiba","Branch replicate 2/3","Granito","Non-upwelling","ML6301","430","P.verrucosa"
"225","Eastern Pacific Panama","Coiba","Branch replicate 1/3","Granito","Wet","ML6150","49.2","P.verrucosa"
"225","Eastern Pacific Panama","Coiba","Branch replicate 2/3","Granito","Wet","ML6151","339","P.verrucosa"
"225","Eastern Pacific Panama","Coiba","Branch replicate 1/3","Granito","Non-upwelling","ML6300","273","P.verrucosa"
"225","Eastern Pacific Panama","Coiba","Branch replicate 3/3","Granito","Non-upwelling","ML6302","276","P.verrucosa"
"226","Eastern Pacific Panama","Coiba","Branch replicate 1/3","Granito","Upwelling","ML5913","52","P.meandrina"
"226","Eastern Pacific Panama","Coiba","Branch replicate 2/3","Granito","Upwelling","ML5914","160","P.meandrina"
"226","Eastern Pacific Panama","Coiba","Branch replicate 3/3","Granito","Non-upwelling","ML6305","174","P.meandrina"
"226","Eastern Pacific Panama","Coiba","Branch replicate 2/3","Granito","Non-upwelling","ML6304","454","P.meandrina"
"226","Eastern Pacific Panama","Coiba","Branch replicate 1/3","Granito","Wet","ML6153","95.1","P.meandrina"
"226","Eastern Pacific Panama","Coiba","Branch replicate 2/3","Granito","Wet","ML6154","37.2","P.meandrina"
"226","Eastern Pacific Panama","Coiba","Branch replicate 3/3","Granito","Upwelling","ML5915","156","P.meandrina"
"226","Eastern Pacific Panama","Coiba","Branch replicate 1/3","Granito","Non-upwelling","ML6303","550","P.meandrina"
"226","Eastern Pacific Panama","Coiba","Branch replicate 3/3","Granito","Wet","ML6155","159","P.meandrina"
"227","Eastern Pacific Panama","Coiba","Branch replicate 3/3","Granito","Upwelling","ML5918","246","P.verrucosa"
"227","Eastern Pacific Panama","Coiba","Branch replicate 3/3","Granito","Non-upwelling","ML6308","190","P.verrucosa"
"227","Eastern Pacific Panama","Coiba","Branch replicate 3/3","Granito","Wet","ML6158","31.2","P.verrucosa"
"227","Eastern Pacific Panama","Coiba","Branch replicate 1/3","Granito","Non-upwelling","ML6306","221","P.verrucosa"
"227","Eastern Pacific Panama","Coiba","Branch replicate 2/3","Granito","Non-upwelling","ML6307","299","P.verrucosa"
"227","Eastern Pacific Panama","Coiba","Branch replicate 2/3","Granito","Upwelling","ML5917","73","P.verrucosa"
"227","Eastern Pacific Panama","Coiba","Branch replicate 1/3","Granito","Upwelling","ML5916",">60","P.verrucosa"
"227","Eastern Pacific Panama","Coiba","Branch replicate 2/3","Granito","Wet","ML6157","289","P.verrucosa"
"227","Eastern Pacific Panama","Coiba","Branch replicate 1/3","Granito","Wet","ML6156","23.1","P.verrucosa"
"228","Eastern Pacific Panama","Coiba","Branch replicate 3/3","Granito","Upwelling","ML5921","226","P.verrucosa"
"228","Eastern Pacific Panama","Coiba","Branch replicate 2/3","Granito","Upwelling","ML5920","73","P.verrucosa"
"228","Eastern Pacific Panama","Coiba","Branch replicate 3/3","Granito","Wet","ML6161","465","P.verrucosa"
"228","Eastern Pacific Panama","Coiba","Branch replicate 1/3","Granito","Non-upwelling","ML6318","320","P.verrucosa"
"228","Eastern Pacific Panama","Coiba","Branch replicate 1/3","Granito","Upwelling","ML5919","55","P.verrucosa"
"228","Eastern Pacific Panama","Coiba","Branch replicate 2/3","Granito","Wet","ML6160","300","P.verrucosa"
"228","Eastern Pacific Panama","Coiba","Branch replicate 3/3","Granito","Non-upwelling","ML6320","456","P.verrucosa"
"228","Eastern Pacific Panama","Coiba","Branch replicate 1/3","Granito","Wet","ML6159","53.4","P.verrucosa"
"228","Eastern Pacific Panama","Coiba","Branch replicate 2/3","Granito","Non-upwelling","ML6319","208","P.verrucosa"
"229","Eastern Pacific Panama","Coiba","Branch replicate 1/3","Granito","Wet","ML6162","62.3","P.verrucosa"
"229","Eastern Pacific Panama","Coiba","Branch replicate 3/3","Granito","Wet","ML6164","243","P.verrucosa"
"229","Eastern Pacific Panama","Coiba","Branch replicate 3/3","Granito","Non-upwelling","ML6311","600","P.verrucosa"
"229","Eastern Pacific Panama","Coiba","Branch replicate 2/3","Granito","Non-upwelling","ML6310","290","P.verrucosa"
"229","Eastern Pacific Panama","Coiba","Branch replicate 1/3","Granito","Non-upwelling","ML6309","424","P.verrucosa"
"229","Eastern Pacific Panama","Coiba","Branch replicate 3/3","Granito","Upwelling","ML5924","116","P.verrucosa"
"229","Eastern Pacific Panama","Coiba","Branch replicate 1/3","Granito","Upwelling","ML5922","47.7","P.verrucosa"
"229","Eastern Pacific Panama","Coiba","Branch replicate 2/3","Granito","Upwelling","ML5923","164","P.verrucosa"
"229","Eastern Pacific Panama","Coiba","Branch replicate 2/3","Granito","Wet","ML6163","96.2","P.verrucosa"
"230","Eastern Pacific Panama","Coiba","Branch replicate 3/3","Granito","Non-upwelling","ML6323","226","P.verrucosa"
"230","Eastern Pacific Panama","Coiba","Branch replicate 1/3","Granito","Upwelling","ML5925","26.6","P.verrucosa"
"230","Eastern Pacific Panama","Coiba","Branch replicate 2/3","Granito","Non-upwelling","ML6322","280","P.verrucosa"
"230","Eastern Pacific Panama","Coiba","Branch replicate 1/3","Granito","Wet","ML6165","177","P.verrucosa"
"230","Eastern Pacific Panama","Coiba","Branch replicate 2/3","Granito","Upwelling","ML5926","132","P.verrucosa"
"230","Eastern Pacific Panama","Coiba","Branch replicate 1/3","Granito","Non-upwelling","ML6321","945","P.verrucosa"
"230","Eastern Pacific Panama","Coiba","Branch replicate 3/3","Granito","Wet","ML6167","132","P.verrucosa"
"230","Eastern Pacific Panama","Coiba","Branch replicate 3/3","Granito","Upwelling","ML5927","0.7","P.verrucosa"
"230","Eastern Pacific Panama","Coiba","Branch replicate 2/3","Granito","Wet","ML6166","186","P.verrucosa"
"231","Eastern Pacific Panama","Coiba","Branch replicate 3/3","Granito","Wet","ML6170","299","P.meandrina"
"231","Eastern Pacific Panama","Coiba","Branch replicate 1/3","Granito","Non-upwelling","ML6324","115","P.meandrina"
"231","Eastern Pacific Panama","Coiba","Branch replicate 3/3","Granito","Upwelling","ML5930","446","P.meandrina"
"231","Eastern Pacific Panama","Coiba","Branch replicate 2/3","Granito","Non-upwelling","ML6325","432","P.meandrina"
"231","Eastern Pacific Panama","Coiba","Branch replicate 3/3","Granito","Non-upwelling","ML6326","227","P.meandrina"
"231","Eastern Pacific Panama","Coiba","Branch replicate 2/3","Granito","Upwelling","ML5929","405","P.meandrina"
"231","Eastern Pacific Panama","Coiba","Branch replicate 1/3","Granito","Upwelling","ML5928",">60","P.meandrina"
"231","Eastern Pacific Panama","Coiba","Branch replicate 2/3","Granito","Wet","ML6169","88.2","P.meandrina"
"231","Eastern Pacific Panama","Coiba","Branch replicate 1/3","Granito","Wet","ML6168","57","P.meandrina"
"232","Eastern Pacific Panama","Coiba","Branch replicate 2/3","Granito","Upwelling","ML5932","141","P.verrucosa"
"232","Eastern Pacific Panama","Coiba","Branch replicate 3/3","Granito","Upwelling","ML5933","373","P.verrucosa"
"232","Eastern Pacific Panama","Coiba","Branch replicate 3/3","Granito","Wet","ML6173","540","P.verrucosa"
"232","Eastern Pacific Panama","Coiba","Branch replicate 1/3","Granito","Wet","ML6171","376","P.verrucosa"
"232","Eastern Pacific Panama","Coiba","Branch replicate 2/3","Granito","Wet","ML6172","600","P.verrucosa"
"232","Eastern Pacific Panama","Coiba","Branch replicate 2/3","Granito","Non-upwelling","ML6328","357","P.verrucosa"
"232","Eastern Pacific Panama","Coiba","Branch replicate 1/3","Granito","Upwelling","ML5931",">60","P.verrucosa"
"232","Eastern Pacific Panama","Coiba","Branch replicate 3/3","Granito","Non-upwelling","ML6329","397","P.verrucosa"
"232","Eastern Pacific Panama","Coiba","Branch replicate 1/3","Granito","Non-upwelling","ML6327","70.5","P.verrucosa"
"233","Eastern Pacific Panama","Coiba","Branch replicate 2/3","Granito","Upwelling","ML5935","58","P.meandrina"
"233","Eastern Pacific Panama","Coiba","Branch replicate 2/3","Granito","Wet","ML6175","122","P.meandrina"
"233","Eastern Pacific Panama","Coiba","Branch replicate 1/3","Granito","Non-upwelling","ML6312","600","P.meandrina"
"233","Eastern Pacific Panama","Coiba","Branch replicate 2/3","Granito","Non-upwelling","ML6313","130","P.meandrina"
"233","Eastern Pacific Panama","Coiba","Branch replicate 1/3","Granito","Upwelling","ML5934",">60","P.meandrina"
"233","Eastern Pacific Panama","Coiba","Branch replicate 1/3","Granito","Wet","ML6174","39.7","P.meandrina"
"233","Eastern Pacific Panama","Coiba","Branch replicate 3/3","Granito","Upwelling","ML5936","0.85","P.meandrina"
"233","Eastern Pacific Panama","Coiba","Branch replicate 3/3","Granito","Wet","ML6176","199","P.meandrina"
"233","Eastern Pacific Panama","Coiba","Branch replicate 3/3","Granito","Non-upwelling","ML6314","150","P.meandrina"
"234","Eastern Pacific Panama","Coiba","Branch replicate 1/3","Granito","Wet","ML6177","358","P.meandrina"
"234","Eastern Pacific Panama","Coiba","Branch replicate 3/3","Granito","Upwelling","ML5939","339","P.meandrina"
"234","Eastern Pacific Panama","Coiba","Branch replicate 1/3","Granito","Non-upwelling","ML6315","500","P.meandrina"
"234","Eastern Pacific Panama","Coiba","Branch replicate 2/3","Granito","Non-upwelling","ML6316","135","P.meandrina"
"234","Eastern Pacific Panama","Coiba","Branch replicate 3/3","Granito","Non-upwelling","ML6317","313","P.meandrina"
"234","Eastern Pacific Panama","Coiba","Branch replicate 2/3","Granito","Wet","ML6178","58.2","P.meandrina"
"234","Eastern Pacific Panama","Coiba","Branch replicate 2/3","Granito","Upwelling","ML5938","178","P.meandrina"
"234","Eastern Pacific Panama","Coiba","Branch replicate 3/3","Granito","Wet","ML6179","31.9","P.meandrina"
"234","Eastern Pacific Panama","Coiba","Branch replicate 1/3","Granito","Upwelling","ML5937",">60","P.meandrina"
